osm_id,osm_type,city_key,lat,lon,material_raw_tag,material
291750012,way,lille,50.63051275300956,3.066790615451928,slate,ardoise
1137651149,way,lille,50.67096385842705,3.055739943915749,slate,ardoise
40875543,way,lille,50.63170140406487,3.0628443143814468,slate,ardoise
80329994,way,lille,50.60441923850409,3.1321072949254654,slate,ardoise
40875549,way,lille,50.63187886496072,3.0627231407191573,slate,ardoise
1137651150,way,lille,50.67136071914875,3.055676499342959,slate,ardoise
42736815,way,lille,50.630126017967946,3.0528175221367926,slate,ardoise
42736615,way,lille,50.6305150395795,3.047959758737849,slate,ardoise
11372002,way,lille,50.62940453684297,3.0681546980219325,slate,ardoise
80329822,way,lille,50.60277878881264,3.1326676548417005,slate,ardoise
80329872,way,lille,50.60316431440073,3.133752917134162,slate,ardoise
42423653,way,lille,50.637144807927626,3.0539518616597623,slate,ardoise
80329962,way,lille,50.60239167346632,3.135001752251662,slate,ardoise
42736616,way,lille,50.63060185701376,3.047860380715903,slate,ardoise
80329893,way,lille,50.602186307680384,3.135548698247017,slate,ardoise
80329775,way,lille,50.60229587634768,3.136161585574237,slate,ardoise
40875547,way,lille,50.63180646130227,3.0628496274706896,slate,ardoise
42736816,way,lille,50.62984055125596,3.052496751258403,slate,ardoise
80329952,way,lille,50.60397628236692,3.1316507969955327,slate,ardoise
41503513,way,lille,50.63482036956173,3.04955865453191,slate,ardoise
40875555,way,lille,50.63163238989089,3.062756258307352,slate,ardoise
80329800,way,lille,50.6025115197362,3.132840416826977,slate,ardoise
40875548,way,lille,50.63184236267389,3.0627865972747306,slate,ardoise
80330010,way,lille,50.60355569436208,3.1341918582488484,slate,ardoise
80329924,way,lille,50.602110672620405,3.1328449734701183,slate,ardoise
45898688,way,lille,50.6327750892461,3.0634351377189657,slate,ardoise
557761147,way,lille,50.60167020528127,3.134266002584669,slate,ardoise
1038737514,way,lille,50.671687000243175,3.058035249909492,slate,ardoise
1038737513,way,lille,50.67176951779215,3.058601719087576,slate,ardoise
80330029,way,lille,50.603045199509495,3.1349375949266727,slate,ardoise
80329857,way,lille,50.601862145268406,3.13400575880504,slate,ardoise
80329986,way,lille,50.60170022507632,3.1345743730645714,slate,ardoise
1137651151,way,lille,50.67063108736864,3.0554315743556946,slate,ardoise
42736663,way,lille,50.63044006677277,3.0476104930614696,slate,ardoise
80329784,way,lille,50.60341250096239,3.132346024018396,slate,ardoise
80329780,way,lille,50.60132096878294,3.13605242899443,slate,ardoise
80329769,way,lille,50.60369735017873,3.132795705775336,slate,ardoise
80330006,way,lille,50.60176226427287,3.135225544149565,slate,ardoise
42423659,way,lille,50.637971476100006,3.0527265016608003,slate,ardoise
80329862,way,lille,50.60162097014288,3.135519950514124,slate,ardoise
1137651148,way,lille,50.67208750094098,3.057042953871658,slate,ardoise
80330004,way,lille,50.60200337595237,3.133460709365984,slate,ardoise
80329931,way,lille,50.602961404321945,3.134152930470402,slate,ardoise
80329807,way,lille,50.60236975762055,3.133184744217814,slate,ardoise
80329979,way,lille,50.60402919398473,3.1332832229552983,slate,ardoise
80330025,way,lille,50.60310372890996,3.1330830213612497,slate,ardoise
40875544,way,lille,50.63166728760199,3.0627981806508493,slate,ardoise
46650726,way,lille,50.63821181641106,3.07170035539054,slate,ardoise
40875546,way,lille,50.63175746783442,3.062929278831742,slate,ardoise
283802323,way,lille,50.60155456927585,3.136294205994793,slate,ardoise
80329944,way,lille,50.60336149287237,3.131704032324905,slate,ardoise
80329894,way,lille,50.604202080614016,3.1310126217886274,slate,ardoise
80330040,way,lille,50.602690557821525,3.133657500661849,slate,ardoise
80329764,way,lille,50.60274451302958,3.1345763073364323,slate,ardoise
291750013,way,lille,50.63016448095192,3.067376151082017,slate,ardoise
42423654,way,lille,50.63779950719071,3.052511091923294,slate,ardoise
80329758,way,lille,50.60298379645764,3.132085924430913,slate,ardoise
42736845,way,lille,50.630542296250255,3.053406724960145,slate,ardoise
745460696,way,lille,50.60202349399235,3.136511004370066,slate,ardoise
80329937,way,lille,50.60502677972432,3.1312528692028443,slate,ardoise
45898690,way,lille,50.63266615754466,3.0635644245195803,slate,ardoise
1137651147,way,lille,50.67197485621436,3.0562744708851506,slate,ardoise
41235319,way,lille,50.63042030020275,3.075415597268778,slate,ardoise
80329975,way,lille,50.60263506296671,3.135446595137608,slate,ardoise
42736617,way,lille,50.63062956857032,3.047981159671392,slate,ardoise
80330030,way,lille,50.60455971212483,3.1313622640388705,slate,ardoise
339565453,way,lyon,45.7503437548264,4.837414741860141,slate,ardoise
48119445,way,lyon,45.75042172704523,4.8379465635400285,slate,ardoise
75247121,way,montpellier,43.61148045753117,3.8840417159653344,slate,ardoise
83940513,way,nantes,47.22275625476792,-1.5370415209366528,slate,ardoise
83940599,way,nantes,47.22639010497651,-1.5407833029751996,slate,ardoise
83868611,way,nantes,47.226900512787175,-1.5419779129030229,slate,ardoise
41902073,way,nantes,47.21381057264272,-1.5536004879105945,slate,ardoise
1334838793,way,nantes,47.214200800894126,-1.5483964126793837,slate,ardoise
82975613,way,nantes,47.24486821711853,-1.540103999393987,slate,ardoise
82976291,way,nantes,47.24421269686589,-1.5332683702230807,slate,ardoise
83942099,way,nantes,47.22108039724765,-1.5376095003973451,slate,ardoise
45186802,way,nantes,47.222515724336056,-1.536099439948735,slate,ardoise
82975990,way,nantes,47.24511790224747,-1.53205019974429,slate,ardoise
82637520,way,nantes,47.24041903061941,-1.525270560628092,slate,ardoise
82636320,way,nantes,47.240571007713314,-1.528460149875955,slate,ardoise
82975580,way,nantes,47.24383788540163,-1.5413279287415134,slate,ardoise
82975027,way,nantes,47.24403977284268,-1.532459903730065,slate,ardoise
85440714,way,nantes,47.21389056483472,-1.5481935619433551,slate,ardoise
83941824,way,nantes,47.22267150942941,-1.5408764612996977,slate,ardoise
83941832,way,nantes,47.22100300118824,-1.5382127824890557,slate,ardoise
83940801,way,nantes,47.22663432008855,-1.5415987969043825,slate,ardoise
429920052,way,nantes,47.21485083420128,-1.540150397651712,slate,ardoise
82972178,way,nantes,47.24355317863434,-1.5326090913669144,slate,ardoise
83941912,way,nantes,47.22104156555039,-1.537379068811473,slate,ardoise
83940680,way,nantes,47.22345180783231,-1.5377461611122358,slate,ardoise
96755749,way,nantes,47.20266923670357,-1.601533962534818,slate,ardoise
85440585,way,nantes,47.21114594043733,-1.5567548326049614,slate,ardoise
129166353,way,nantes,47.30922851713282,-1.4666291281467048,slate,ardoise
83940899,way,nantes,47.22119651967923,-1.5383665660727346,slate,ardoise
83940962,way,nantes,47.21993641355066,-1.5353341505517897,slate,ardoise
1273601,way,nantes,47.21967053774714,-1.5341428385072764,slate,ardoise
82638538,way,nantes,47.24072826440439,-1.5263250302708726,slate,ardoise
82974583,way,nantes,47.24365568484889,-1.5311408754203393,slate,ardoise
314726506,way,nantes,47.236289897172725,-1.5435850184854352,slate,ardoise
82976567,way,nantes,47.24603569955584,-1.532224749467728,slate,ardoise
83941831,way,nantes,47.22081551801412,-1.5351382078867646,slate,ardoise
82975045,way,nantes,47.24524399999999,-1.5423145,slate,ardoise
45186798,way,nantes,47.22228705440394,-1.5359366313909657,slate,ardoise
82971828,way,nantes,47.24418655324754,-1.5319597440985262,slate,ardoise
60517264,way,nantes,47.20556816399846,-1.5310323041139169,slate,ardoise
85440908,way,nantes,47.21880120463702,-1.5397172762419908,slate,ardoise
82975719,way,nantes,47.2465980758476,-1.5301970037465706,slate,ardoise
82976337,way,nantes,47.2436249652916,-1.5388947490942884,slate,ardoise
85439503,way,nantes,47.21614647880034,-1.5577158027696965,slate,ardoise
96755487,way,nantes,47.20222323118759,-1.6011925066479538,slate,ardoise
83940417,way,nantes,47.21993872454333,-1.533919142856318,slate,ardoise
82971624,way,nantes,47.24406520510285,-1.5408840506188426,slate,ardoise
41902066,way,nantes,47.21355491359781,-1.554048571912531,slate,ardoise
82975843,way,nantes,47.24340498922201,-1.5420709315183283,slate,ardoise
44635888,way,nantes,47.21339501607599,-1.545161377426841,slate,ardoise
85439051,way,nantes,47.21516307360648,-1.5411138080450295,slate,ardoise
41902076,way,nantes,47.21383818629443,-1.5533500776789675,slate,ardoise
82974648,way,nantes,47.24459118280972,-1.53228668673962,slate,ardoise
82974708,way,nantes,47.2455487970031,-1.5306349054101025,slate,ardoise
85440038,way,nantes,47.2143070246788,-1.547837656440497,slate,ardoise
611700253,way,nantes,47.21347148163736,-1.5458397909736843,slate,ardoise
82975166,way,nantes,47.24417486920623,-1.5415954277213093,slate,ardoise
85441179,way,nantes,47.21087519539456,-1.5442633894478242,slate,ardoise
82971421,way,nantes,47.24399968960556,-1.539917704862298,slate,ardoise
82971925,way,nantes,47.244457208652285,-1.5420301194737236,slate,ardoise
82973430,way,nantes,47.24614311638163,-1.5321767905130623,slate,ardoise
83940723,way,nantes,47.22073321995936,-1.537667467101942,slate,ardoise
82973150,way,nantes,47.2438567,-1.53204975,slate,ardoise
83942226,way,nantes,47.22165256992615,-1.534783720347895,slate,ardoise
84136515,way,nantes,47.22899940256856,-1.5542012873726028,slate,ardoise
85439004,way,nantes,47.21289240624078,-1.5468208631388498,slate,ardoise
85439466,way,nantes,47.21302510396802,-1.546733237198529,slate,ardoise
83941737,way,nantes,47.22488205495168,-1.539651209424884,slate,ardoise
85441585,way,nantes,47.21436390698877,-1.556023287934352,slate,ardoise
82972545,way,nantes,47.24538160077212,-1.530269798734791,slate,ardoise
85530908,way,nantes,47.22681756335056,-1.571546272736235,slate,ardoise
1482046249,way,nantes,47.219524862585615,-1.5351639756123563,slate,ardoise
82973171,way,nantes,47.24479005,-1.54266935,slate,ardoise
96755492,way,nantes,47.20129820433292,-1.6013297416577872,slate,ardoise
83940158,way,nantes,47.22034308538234,-1.5319495049984837,slate,ardoise
129167552,way,nantes,47.30957110320016,-1.4671351792447516,slate,ardoise
1445202684,way,nantes,47.20928776774167,-1.548162766547846,slate,ardoise
82976170,way,nantes,47.24538548514907,-1.5294527808265126,slate,ardoise
129950913,way,nantes,47.21082871962563,-1.5293103668289236,slate,ardoise
44636495,way,nantes,47.21323127582481,-1.5462865742615683,slate,ardoise
82974697,way,nantes,47.24464026997288,-1.5330740502918854,slate,ardoise
83940144,way,nantes,47.22103381226193,-1.5347888037664903,slate,ardoise
83941769,way,nantes,47.22338606390953,-1.532904547191413,slate,ardoise
41902084,way,nantes,47.21342716724463,-1.553655088909006,slate,ardoise
82973673,way,nantes,47.2462032150657,-1.5299657658278358,slate,ardoise
83941108,way,nantes,47.22123169243509,-1.5375012930701109,slate,ardoise
82636771,way,nantes,47.23972503064464,-1.5268418510840978,slate,ardoise
41898521,way,nantes,47.21314382167763,-1.5551562103106518,slate,ardoise
85439817,way,nantes,47.21103799078831,-1.5443758286381313,slate,ardoise
41902065,way,nantes,47.21350893864623,-1.554177061680625,slate,ardoise
83941515,way,nantes,47.22149811818576,-1.5364238940962942,slate,ardoise
85440571,way,nantes,47.21317096678713,-1.5505145388343555,slate,ardoise
82971575,way,nantes,47.24670659863,-1.530148470132015,slate,ardoise
83940075,way,nantes,47.22091308013132,-1.5378883554522718,slate,ardoise
74543237,way,nantes,47.19530405681456,-1.534613807013966,slate,ardoise
85440103,way,nantes,47.21963435665393,-1.5409982987487885,slate,ardoise
83941683,way,nantes,47.2241820293083,-1.537306428223525,slate,ardoise
82971966,way,nantes,47.24431698443031,-1.540677678599766,slate,ardoise
83941684,way,nantes,47.220860263255545,-1.5383371611501588,slate,ardoise
83940217,way,nantes,47.22285365096669,-1.537471441831575,slate,ardoise
85441627,way,nantes,47.21920220676196,-1.5407291720532863,slate,ardoise
83941784,way,nantes,47.22529999163803,-1.537121082725167,slate,ardoise
83941439,way,nantes,47.22016986295653,-1.5385363955950229,slate,ardoise
83940894,way,nantes,47.2254153194589,-1.538712339773556,slate,ardoise
83942026,way,nantes,47.223243389406704,-1.5378612763786592,slate,ardoise
41898493,way,nantes,47.21263893151898,-1.5564132174361862,slate,ardoise
82975943,way,nantes,47.23635780176071,-1.544592876914403,slate,ardoise
82972218,way,nantes,47.24383634691327,-1.5407727885875775,slate,ardoise
83941597,way,nantes,47.2206741119219,-1.5386011446983456,slate,ardoise
82976620,way,nantes,47.24353249026649,-1.5412021884644909,slate,ardoise
82974919,way,nantes,47.245789655876905,-1.5406698051361534,slate,ardoise
74537128,way,nantes,47.19663141095827,-1.5396695681058312,slate,ardoise
83940714,way,nantes,47.220407870434535,-1.5388108428883305,slate,ardoise
314615078,way,nantes,47.24544235687232,-1.5415466839168737,slate,ardoise
83941675,way,nantes,47.22184020564033,-1.5348650730882327,slate,ardoise
83940619,way,nantes,47.2212291431298,-1.5395081269625956,slate,ardoise
82975706,way,nantes,47.24549125533412,-1.5302367290137675,slate,ardoise
82971804,way,nantes,47.246603447779705,-1.5410107403540043,slate,ardoise
45334127,way,nantes,47.22245670455457,-1.5368320118413148,slate,ardoise
82972412,way,nantes,47.244719375260296,-1.5304658368529107,slate,ardoise
82637137,way,nantes,47.24115411384841,-1.5261649767172418,slate,ardoise
85437653,way,nantes,47.21656975541103,-1.557711325663118,slate,ardoise
82971775,way,nantes,47.245332464156505,-1.5319540468711723,slate,ardoise
83942081,way,nantes,47.22517164555127,-1.5396653538555225,slate,ardoise
82973362,way,nantes,47.24356295654356,-1.5413504911137836,slate,ardoise
83940146,way,nantes,47.22081001778069,-1.5456181984190371,slate,ardoise
83941607,way,nantes,47.22127325551181,-1.5349152297285935,slate,ardoise
82976345,way,nantes,47.24654734992168,-1.528757478451653,slate,ardoise
82973207,way,nantes,47.24271200252412,-1.5408148195421232,slate,ardoise
96752666,way,nantes,47.20174922081914,-1.6005966591918463,slate,ardoise
82636550,way,nantes,47.240412817059216,-1.5261364853125332,slate,ardoise
82975315,way,nantes,47.243742839794486,-1.542728954097063,slate,ardoise
74539785,way,nantes,47.193717590698526,-1.5311060773321468,slate,ardoise
82972799,way,nantes,47.24594799600058,-1.540164904696002,slate,ardoise
83940428,way,nantes,47.22555753337144,-1.5401520091620662,slate,ardoise
83941575,way,nantes,47.22116003085128,-1.535949091147997,slate,ardoise
82973579,way,nantes,47.24405040132633,-1.5429753077869084,slate,ardoise
83941532,way,nantes,47.22086797367898,-1.5379598041457905,slate,ardoise
83941804,way,nantes,47.22683890676052,-1.5406918983753572,slate,ardoise
82975094,way,nantes,47.24558828865044,-1.5314108108230735,slate,ardoise
83941005,way,nantes,47.22636099757969,-1.5417376188854277,slate,ardoise
96755802,way,nantes,47.20220743336915,-1.6008620453323066,slate,ardoise
367567977,way,nantes,47.2016328810642,-1.6012863705744422,slate,ardoise
82971799,way,nantes,47.24318704601733,-1.5398998602608864,slate,ardoise
82972946,way,nantes,47.24398907059354,-1.5310764030121284,slate,ardoise
82974576,way,nantes,47.24348809122058,-1.5409742998152558,slate,ardoise
82971587,way,nantes,47.24662628359492,-1.5402466264449604,slate,ardoise
45186815,way,nantes,47.222207880454725,-1.535890614057238,slate,ardoise
41902080,way,nantes,47.21352227445062,-1.5533314340877522,slate,ardoise
83941431,way,nantes,47.22073840065048,-1.5400065907188665,slate,ardoise
85441514,way,nantes,47.21574768299249,-1.541340390568061,slate,ardoise
83941640,way,nantes,47.22167152914783,-1.5444369545774277,slate,ardoise
83940575,way,nantes,47.22366535136354,-1.5379205512626373,slate,ardoise
85440137,way,nantes,47.21371728369248,-1.5480497741703867,slate,ardoise
83942142,way,nantes,47.22268768827725,-1.5373537833499358,slate,ardoise
82976303,way,nantes,47.243098589663376,-1.5422319778598976,slate,ardoise
82975391,way,nantes,47.24327420239179,-1.5415211912280506,slate,ardoise
82974906,way,nantes,47.24628104344717,-1.5409602928510724,slate,ardoise
129951516,way,nantes,47.21067294953037,-1.5247635749079511,slate,ardoise
83940125,way,nantes,47.22182323075381,-1.537479007489887,slate,ardoise
45246604,way,nantes,47.22587050324578,-1.5382886232819666,slate,ardoise
82973931,way,nantes,47.24524525109947,-1.540518835978152,slate,ardoise
85439526,way,nantes,47.2184983312709,-1.5402077922610695,slate,ardoise
41902089,way,nantes,47.21319869098796,-1.5539181988617787,slate,ardoise
85439314,way,nantes,47.21425781985856,-1.5485596437684033,slate,ardoise
74537343,way,nantes,47.19552775580586,-1.538636206767683,slate,ardoise
83940689,way,nantes,47.21994744181615,-1.5326667943965426,slate,ardoise
74542939,way,nantes,47.19575147492043,-1.5384084674910208,slate,ardoise
82972182,way,nantes,47.24431935,-1.53322035,slate,ardoise
83941296,way,nantes,47.22235679808262,-1.5366603213319971,slate,ardoise
83941681,way,nantes,47.22597278128964,-1.5400915232857866,slate,ardoise
83940321,way,nantes,47.22474616840766,-1.5394748800835072,slate,ardoise
83867773,way,nantes,47.226946894275855,-1.5425499289945437,slate,ardoise
82976714,way,nantes,47.2452675009578,-1.531552265835013,slate,ardoise
83868222,way,nantes,47.22683586018268,-1.542681678602395,slate,ardoise
82971476,way,nantes,47.24428720473498,-1.5420600106266065,slate,ardoise
85440791,way,nantes,47.21325808063423,-1.547920272555977,slate,ardoise
74538809,way,nantes,47.19504319669021,-1.5340639126929403,slate,ardoise
83941567,way,nantes,47.22096425094807,-1.5353914710116736,slate,ardoise
85438191,way,nantes,47.21191086950215,-1.546936799848257,slate,ardoise
85438500,way,nantes,47.213001703646256,-1.5473721590969185,slate,ardoise
82975406,way,nantes,47.24349006479523,-1.5386847983926963,slate,ardoise
83941468,way,nantes,47.22274775428676,-1.533974413369794,slate,ardoise
1482046243,way,nantes,47.219779800249576,-1.5361094297747009,slate,ardoise
83940328,way,nantes,47.22248563555176,-1.5421993184381717,slate,ardoise
82973825,way,nantes,47.24377478097142,-1.5385668665826384,slate,ardoise
82975997,way,nantes,47.24605776652652,-1.5409132519152735,slate,ardoise
1341632236,way,nantes,47.21152623069384,-1.546574581598317,slate,ardoise
96748789,way,nantes,47.202325940435074,-1.6002166828133275,slate,ardoise
82975907,way,nantes,47.245052889866656,-1.5316459663780997,slate,ardoise
74539107,way,nantes,47.19537109723802,-1.5357815000424324,slate,ardoise
82974907,way,nantes,47.24315260428153,-1.539590683486343,slate,ardoise
82973465,way,nantes,47.24500115740393,-1.5308161432358216,slate,ardoise
85438184,way,nantes,47.21433690621793,-1.559116188280392,slate,ardoise
82973686,way,nantes,47.24526610903309,-1.5327571494459693,slate,ardoise
82637430,way,nantes,47.24102400131687,-1.5244838482528056,slate,ardoise
82975765,way,nantes,47.24632489455326,-1.5288162644543162,slate,ardoise
82975473,way,nantes,47.24327508005142,-1.5416930851168245,slate,ardoise
84135072,way,nantes,47.227705027254245,-1.5546356118763929,slate,ardoise
96755773,way,nantes,47.20152388510302,-1.6008069939785472,slate,ardoise
44960562,way,nantes,47.22208531835731,-1.5354612168886996,slate,ardoise
83940383,way,nantes,47.2203071842804,-1.5357589419812143,slate,ardoise
85438190,way,nantes,47.20946125919485,-1.5484413052181911,slate,ardoise
83940603,way,nantes,47.22078784446713,-1.534827021213824,slate,ardoise
74542481,way,nantes,47.19504325188722,-1.534680868876791,slate,ardoise
83942143,way,nantes,47.22092892842546,-1.5384016787219252,slate,ardoise
74539564,way,nantes,47.19486318575053,-1.5335919939275942,slate,ardoise
83940541,way,nantes,47.22048898810013,-1.5409117235163128,slate,ardoise
82976537,way,nantes,47.24493050365885,-1.5408738263336288,slate,ardoise
82976007,way,nantes,47.24429565,-1.53192975,slate,ardoise
83941227,way,nantes,47.22400914413964,-1.5377022491877856,slate,ardoise
82973538,way,nantes,47.244203897642485,-1.5305841962453552,slate,ardoise
82974285,way,nantes,47.24443141629011,-1.5391191859478528,slate,ardoise
82976635,way,nantes,47.24460069455332,-1.5415221796709415,slate,ardoise
74540773,way,nantes,47.19541417360714,-1.53591005443864,slate,ardoise
82972822,way,nantes,47.24467454219859,-1.5393730586356438,slate,ardoise
82637386,way,nantes,47.23983456688846,-1.5276582986004412,slate,ardoise
96748474,way,nantes,47.20292752811883,-1.6002791165840629,slate,ardoise
85440425,way,nantes,47.2131387698351,-1.550067602758649,slate,ardoise
82975996,way,nantes,47.24494423253743,-1.53169372080392,slate,ardoise
82976390,way,nantes,47.24682904759742,-1.540759478968771,slate,ardoise
82971719,way,nantes,47.24374415288376,-1.5320805213387785,slate,ardoise
83940681,way,nantes,47.220930010198806,-1.5376926698425666,slate,ardoise
82976408,way,nantes,47.24478976542216,-1.5291371157123494,slate,ardoise
74538382,way,nantes,47.19626493014972,-1.5387682490212669,slate,ardoise
83940732,way,nantes,47.22538734335649,-1.5386265412327766,slate,ardoise
1332888654,way,nantes,47.19400677209515,-1.5319428006690674,slate,ardoise
83941631,way,nantes,47.22109527482748,-1.5339750290019936,slate,ardoise
96756242,way,nantes,47.20167131521903,-1.6015591055730347,slate,ardoise
83190313,way,nantes,47.23570542913464,-1.5444401793165243,slate,ardoise
83941976,way,nantes,47.22372625160313,-1.5400354188045724,slate,ardoise
83942186,way,nantes,47.22008241542504,-1.5349525997988522,slate,ardoise
83940712,way,nantes,47.22536990958897,-1.540852401328576,slate,ardoise
83941017,way,nantes,47.220440148298486,-1.5403816582639356,slate,ardoise
96756021,way,nantes,47.20160274633746,-1.6009536201223422,slate,ardoise
83941287,way,nantes,47.22405080862045,-1.5376040515857627,slate,ardoise
83941527,way,nantes,47.22405777071587,-1.5386197194640243,slate,ardoise
82973546,way,nantes,47.24638273939018,-1.5302915729874866,slate,ardoise
85438640,way,nantes,47.21979763196442,-1.5401372512114546,slate,ardoise
82973066,way,nantes,47.24588198962929,-1.5289304421614525,slate,ardoise
74543209,way,nantes,47.19445089719384,-1.5332046604565066,slate,ardoise
82638699,way,nantes,47.240154477948494,-1.5281595700825357,slate,ardoise
83942195,way,nantes,47.2206502946284,-1.5391216310226337,slate,ardoise
85440092,way,nantes,47.21374284899795,-1.557720420493681,slate,ardoise
82976519,way,nantes,47.24504306910782,-1.5413487331815905,slate,ardoise
83941258,way,nantes,47.22087256965975,-1.5340826860261714,slate,ardoise
83940822,way,nantes,47.22242548667044,-1.5318551876720847,slate,ardoise
83942210,way,nantes,47.22443258039258,-1.5370823419150603,slate,ardoise
82637100,way,nantes,47.23993975686228,-1.5282656023703578,slate,ardoise
85438460,way,nantes,47.21419841177743,-1.557999362006808,slate,ardoise
61744108,way,nantes,47.20903539585508,-1.526386110016172,slate,ardoise
41898504,way,nantes,47.21238251476149,-1.5563751184058028,slate,ardoise
82976669,way,nantes,47.24630996049108,-1.5299207870936231,slate,ardoise
96755756,way,nantes,47.201742780848456,-1.6008504134578696,slate,ardoise
85441183,way,nantes,47.21855604305908,-1.5398406964495566,slate,ardoise
82976229,way,nantes,47.24522401939844,-1.5420965282681918,slate,ardoise
279005,way,nantes,47.21257511503286,-1.55680215691802,slate,ardoise
85437604,way,nantes,47.21916513662055,-1.540159250052068,slate,ardoise
82976528,way,nantes,47.2439501510222,-1.533384785891085,slate,ardoise
82976258,way,nantes,47.2444878,-1.5424139000000008,slate,ardoise
82975109,way,nantes,47.24383981862406,-1.5297120044047947,slate,ardoise
41898511,way,nantes,47.21209723256911,-1.5565777658013764,slate,ardoise
82971871,way,nantes,47.24374890604913,-1.5398921658489964,slate,ardoise
82636344,way,nantes,47.2401725730374,-1.5282738283961743,slate,ardoise
74503300,way,nantes,47.21356656866944,-1.5845197020639874,slate,ardoise
83941971,way,nantes,47.22127050195732,-1.5371975991720068,slate,ardoise
83942127,way,nantes,47.22201020525858,-1.536920425004053,slate,ardoise
83941451,way,nantes,47.22391899149874,-1.5379169394409795,slate,ardoise
44647273,way,nantes,47.23964451787059,-1.5255160649828368,slate,ardoise
82973147,way,nantes,47.24325309503704,-1.5322119297418284,slate,ardoise
82972077,way,nantes,47.24354108938192,-1.5427453234633677,slate,ardoise
83940228,way,nantes,47.2213355469752,-1.5357318560027622,slate,ardoise
85438288,way,nantes,47.21644402042117,-1.557649807697081,slate,ardoise
85439452,way,nantes,47.20971488298072,-1.5486083368357892,slate,ardoise
82976060,way,nantes,47.24524060181297,-1.542186519466674,slate,ardoise
83940891,way,nantes,47.22624086451051,-1.5399775336047754,slate,ardoise
82637661,way,nantes,47.24008703162069,-1.5275195007476488,slate,ardoise
129951493,way,nantes,47.21054161456498,-1.5252182888655312,slate,ardoise
74538480,way,nantes,47.19661925911387,-1.539595634830401,slate,ardoise
85438660,way,nantes,47.21975741148894,-1.5395804004435067,slate,ardoise
82975855,way,nantes,47.24505300555886,-1.5328686388290442,slate,ardoise
82637517,way,nantes,47.23946782588816,-1.525056729174975,slate,ardoise
82638310,way,nantes,47.240781093920056,-1.5299593024809066,slate,ardoise
74541804,way,nantes,47.19580291576126,-1.5373702386125383,slate,ardoise
83940942,way,nantes,47.22619819705984,-1.5395861581299848,slate,ardoise
82976267,way,nantes,47.24373368919936,-1.5334818793067089,slate,ardoise
83940241,way,nantes,47.22440204927262,-1.5373454189772222,slate,ardoise
82637068,way,nantes,47.23986129611701,-1.527785174896559,slate,ardoise
96755840,way,nantes,47.202004139330725,-1.6015439490415897,slate,ardoise
314914837,way,nantes,47.23621665641871,-1.544162546552067,slate,ardoise
82972130,way,nantes,47.23662108580852,-1.544298975352256,slate,ardoise
82972024,way,nantes,47.24559914158801,-1.5400351558129606,slate,ardoise
82974865,way,nantes,47.24571450053419,-1.5323667288878549,slate,ardoise
83940765,way,nantes,47.22223003531447,-1.5348421985479117,slate,ardoise
96755572,way,nantes,47.20097009882081,-1.6006200584618688,slate,ardoise
82972508,way,nantes,47.24577057778451,-1.528958880402797,slate,ardoise
82976082,way,nantes,47.24460509771516,-1.5296041216421248,slate,ardoise
74539058,way,nantes,47.19520948592253,-1.534126419254974,slate,ardoise
1482046242,way,nantes,47.219888996304185,-1.5361560187908734,slate,ardoise
41898491,way,nantes,47.21272825812146,-1.5566879343209985,slate,ardoise
41902067,way,nantes,47.21397407601425,-1.5536684993554122,slate,ardoise
74541884,way,nantes,47.19522147528518,-1.5352537631318526,slate,ardoise
82973819,way,nantes,47.24574432750573,-1.5404627355619962,slate,ardoise
83941627,way,nantes,47.22311125041916,-1.5398616112312626,slate,ardoise
82973029,way,nantes,47.24395113915434,-1.529698883454489,slate,ardoise
83940236,way,nantes,47.22083274213681,-1.5390486616533732,slate,ardoise
82973109,way,nantes,47.24452889977362,-1.5402867607388755,slate,ardoise
279008,way,nantes,47.21250025858807,-1.555598519427672,slate,ardoise
83941590,way,nantes,47.22002986286318,-1.5400395729390046,slate,ardoise
82974237,way,nantes,47.244137289788426,-1.5386854911241576,slate,ardoise
45334130,way,nantes,47.22284680864563,-1.5366113836365396,slate,ardoise
82972784,way,nantes,47.24433740421327,-1.5385516494790117,slate,ardoise
82975639,way,nantes,47.24366362477506,-1.5325754132083254,slate,ardoise
83942137,way,nantes,47.22079490746837,-1.5317065793983102,slate,ardoise
82972788,way,nantes,47.24315319530868,-1.541020269259055,slate,ardoise
85440864,way,nantes,47.218779959038976,-1.5404388639879,slate,ardoise
84296910,way,nantes,47.26165771294453,-1.5797451593427114,slate,ardoise
85438315,way,nantes,47.21973965,-1.5369267000000002,slate,ardoise
85438672,way,nantes,47.21349488652809,-1.54896803959653,slate,ardoise
83941809,way,nantes,47.22328416355463,-1.54005608450899,slate,ardoise
312404228,way,nantes,47.21508387666727,-1.541290619085253,slate,ardoise
74536568,way,nantes,47.19532133858159,-1.534343121944771,slate,ardoise
85439182,way,nantes,47.21850619274627,-1.5403867739745312,slate,ardoise
96756165,way,nantes,47.20080594887439,-1.600638498038708,slate,ardoise
83941456,way,nantes,47.22134335481027,-1.53850469584732,slate,ardoise
82971990,way,nantes,47.24295204235792,-1.542054424596645,slate,ardoise
83940500,way,nantes,47.22013048584421,-1.532107471095651,slate,ardoise
83941335,way,nantes,47.22307856533351,-1.5361420630409812,slate,ardoise
83940947,way,nantes,47.22630043771927,-1.5411545833535638,slate,ardoise
74539397,way,nantes,47.19473968739825,-1.533266048980816,slate,ardoise
82971657,way,nantes,47.24369129505568,-1.541672788345995,slate,ardoise
83941367,way,nantes,47.22024768874634,-1.5384714790483716,slate,ardoise
96755864,way,nantes,47.20221025909989,-1.600975675445126,slate,ardoise
288606867,way,nantes,47.21809817760806,-1.5444509141470757,slate,ardoise
314606629,way,nantes,47.24410935000001,-1.542757500000001,slate,ardoise
83940280,way,nantes,47.22630373890658,-1.5406357346801498,slate,ardoise
96756183,way,nantes,47.20223896831112,-1.6014715464034213,slate,ardoise
85440993,way,nantes,47.214378648284686,-1.5483258321022138,slate,ardoise
83940922,way,nantes,47.22091379840326,-1.539133572512628,slate,ardoise
314968947,way,nantes,47.24458660000001,-1.5427488000000007,slate,ardoise
82972081,way,nantes,47.24451908564822,-1.531855264752501,slate,ardoise
82975403,way,nantes,47.24580423161279,-1.531315849440504,slate,ardoise
83940679,way,nantes,47.22102834912139,-1.5395562072982412,slate,ardoise
84294151,way,nantes,47.26157886287738,-1.57972619155133,slate,ardoise
314968946,way,nantes,47.24447225,-1.5427982,slate,ardoise
82976086,way,nantes,47.24577561851368,-1.5416328539952249,slate,ardoise
83942036,way,nantes,47.22107682543312,-1.539608626778155,slate,ardoise
82973120,way,nantes,47.24522450386779,-1.5320021398486987,slate,ardoise
44636493,way,nantes,47.212841372941774,-1.5464103728459204,slate,ardoise
83941476,way,nantes,47.22171990506635,-1.5377290684246228,slate,ardoise
82976032,way,nantes,47.24502360510022,-1.5408189666648355,slate,ardoise
74077964,way,nantes,47.18367234051616,-1.4527422579608449,slate,ardoise
85439834,way,nantes,47.21283283447377,-1.5478218136811166,slate,ardoise
41898526,way,nantes,47.21272345724761,-1.5555401865265863,slate,ardoise
83941770,way,nantes,47.22169330343969,-1.53425701454077,slate,ardoise
82975467,way,nantes,47.2443711878045,-1.5323563355203655,slate,ardoise
45338465,way,nantes,47.22507197150305,-1.5374794173092774,slate,ardoise
82974069,way,nantes,47.24640394595156,-1.5404331291690332,slate,ardoise
85439948,way,nantes,47.210483099022106,-1.5445942426247925,slate,ardoise
83941808,way,nantes,47.22091067073341,-1.5357444208363074,slate,ardoise
41898535,way,nantes,47.21289291412537,-1.5546663242865597,slate,ardoise
320433173,way,nantes,47.21041199173235,-1.5232798648026815,slate,ardoise
82559643,way,nantes,47.251608838381365,-1.551822118685404,slate,ardoise
85438185,way,nantes,47.21986012925454,-1.5331950323066217,slate,ardoise
82636599,way,nantes,47.239945353154695,-1.5280854241823578,slate,ardoise
82976558,way,nantes,47.24329798658336,-1.542964095400105,slate,ardoise
83941397,way,nantes,47.22036583118166,-1.5405595941468793,slate,ardoise
83942187,way,nantes,47.22014248117053,-1.5400640297741202,slate,ardoise
96755654,way,nantes,47.20054309968189,-1.6009860520755563,slate,ardoise
82973173,way,nantes,47.23640754017655,-1.544743641234569,slate,ardoise
85440882,way,nantes,47.21369604372076,-1.557593312847893,slate,ardoise
82976107,way,nantes,47.24560023475589,-1.5302038425947868,slate,ardoise
82972605,way,nantes,47.24259985,-1.54083545,slate,ardoise
41898520,way,nantes,47.213299070004034,-1.55529089137132,slate,ardoise
83941766,way,nantes,47.22275735209619,-1.537406095803688,slate,ardoise
83941849,way,nantes,47.21994287039605,-1.5334142161823403,slate,ardoise
82976069,way,nantes,47.244100811922834,-1.531054163211046,slate,ardoise
82975034,way,nantes,47.24387098213846,-1.5376944851521344,slate,ardoise
83940382,way,nantes,47.22156792646344,-1.5362919404685351,slate,ardoise
82976088,way,nantes,47.24630764284836,-1.5412920574068505,slate,ardoise
41902071,way,nantes,47.21386527619386,-1.5535457578824114,slate,ardoise
85441269,way,nantes,47.21419360675047,-1.555871210128961,slate,ardoise
82973085,way,nantes,47.24467945138287,-1.529154748091823,slate,ardoise
85441348,way,nantes,47.210958949270776,-1.5443160174054975,slate,ardoise
82974909,way,nantes,47.242969070697775,-1.541428918676455,slate,ardoise
96755912,way,nantes,47.20233458987162,-1.6021228459266887,slate,ardoise
83940316,way,nantes,47.22256213857172,-1.53720613006176,slate,ardoise
83941389,way,nantes,47.2207902789006,-1.539286078236096,slate,ardoise
83941729,way,nantes,47.2232623436193,-1.539524951917626,slate,ardoise
82971796,way,nantes,47.24511848504209,-1.5413133954661775,slate,ardoise
85440489,way,nantes,47.2198221312732,-1.539267150705209,slate,ardoise
82972452,way,nantes,47.24349586963717,-1.538506133880857,slate,ardoise
83941484,way,nantes,47.22051450410415,-1.535675182495954,slate,ardoise
82973836,way,nantes,47.24325552805289,-1.5423058581956717,slate,ardoise
41902068,way,nantes,47.21391611809345,-1.553686765734979,slate,ardoise
83941369,way,nantes,47.22076107519247,-1.535270554810714,slate,ardoise
83941190,way,nantes,47.22358732387068,-1.538164073612052,slate,ardoise
83941350,way,nantes,47.225969887090905,-1.539619854319629,slate,ardoise
82976340,way,nantes,47.243442973128815,-1.538092125046593,slate,ardoise
85440035,way,nantes,47.214270329638616,-1.557188814939925,slate,ardoise
82973284,way,nantes,47.24414158516362,-1.52922936768834,slate,ardoise
377997886,way,nantes,47.2089235748674,-1.5280232167517909,slate,ardoise
129166072,way,nantes,47.30907540331639,-1.4677423515070076,slate,ardoise
82971958,way,nantes,47.24522090795315,-1.5307438756913954,slate,ardoise
82971756,way,nantes,47.2445947336779,-1.5405634114429554,slate,ardoise
82637515,way,nantes,47.24104922261083,-1.525659705024383,slate,ardoise
82972992,way,nantes,47.24525824317517,-1.5419567701617758,slate,ardoise
82974748,way,nantes,47.24375044723151,-1.5397223600584522,slate,ardoise
85439995,way,nantes,47.21512379721213,-1.5412016095145442,slate,ardoise
85439137,way,nantes,47.213841826354766,-1.557833297139776,slate,ardoise
83941639,way,nantes,47.22659984074568,-1.541931386466082,slate,ardoise
82976467,way,nantes,47.245478559927335,-1.5318891422993433,slate,ardoise
41898505,way,nantes,47.21223033248703,-1.5562429206596848,slate,ardoise
45066683,way,nantes,47.22098416193678,-1.5439573469552774,slate,ardoise
82636489,way,nantes,47.240581588448485,-1.5285368351271411,slate,ardoise
336960170,way,nantes,47.195193841428,-1.535154474191441,slate,ardoise
85440068,way,nantes,47.21243306587902,-1.54682298652882,slate,ardoise
82636912,way,nantes,47.24101819731168,-1.526221481262196,slate,ardoise
85438973,way,nantes,47.2143858957699,-1.556186498225827,slate,ardoise
82972139,way,nantes,47.2443717838524,-1.5310007548634743,slate,ardoise
83940111,way,nantes,47.22562690046031,-1.5390621420211372,slate,ardoise
82974289,way,nantes,47.2434927994551,-1.5383800884570125,slate,ardoise
83941959,way,nantes,47.22526982607208,-1.5396950842806305,slate,ardoise
83940563,way,nantes,47.22171697333658,-1.5356099634247795,slate,ardoise
82974086,way,nantes,47.24373645435588,-1.5395447568588176,slate,ardoise
82975074,way,nantes,47.24362474188098,-1.5419924794246214,slate,ardoise
83940632,way,nantes,47.22635838540769,-1.5405529160952938,slate,ardoise
82975641,way,nantes,47.244515710519465,-1.5427029797614729,slate,ardoise
1482046246,way,nantes,47.21937397511549,-1.5359431293577803,slate,ardoise
83940257,way,nantes,47.22514301072238,-1.53818870093676,slate,ardoise
82636591,way,nantes,47.239911429466936,-1.5278631613963316,slate,ardoise
82636281,way,nantes,47.240928573609736,-1.5242988906250712,slate,ardoise
85946104,way,nantes,47.22445342493483,-1.577214688960645,slate,ardoise
284751811,way,nantes,47.214086870781365,-1.5557854534713458,slate,ardoise
85531490,way,nantes,47.22667854129217,-1.571938815339438,slate,ardoise
83941240,way,nantes,47.22052820755621,-1.539758625361356,slate,ardoise
74542554,way,nantes,47.19406408728209,-1.5321517863403558,slate,ardoise
82971413,way,nantes,47.243048463058514,-1.5410657682798932,slate,ardoise
82971742,way,nantes,47.24370727055496,-1.5306667158765328,slate,ardoise
82976098,way,nantes,47.24614515996724,-1.540443231282382,slate,ardoise
96755697,way,nantes,47.20185379206241,-1.6008670562371092,slate,ardoise
143360001,way,nantes,47.23082925444175,-1.5571392699516875,slate,ardoise
82972935,way,nantes,47.24430038629056,-1.5402974506137197,slate,ardoise
85439887,way,nantes,47.21329907067678,-1.5503747144801514,slate,ardoise
85439799,way,nantes,47.21308215472957,-1.548108525277244,slate,ardoise
85440858,way,nantes,47.214290349454416,-1.5562395658841226,slate,ardoise
314968945,way,nantes,47.2446630295504,-1.5425216123637555,slate,ardoise
83941934,way,nantes,47.22058557256299,-1.540493274135453,slate,ardoise
82971507,way,nantes,47.24342390007147,-1.5404595417321008,slate,ardoise
83941581,way,nantes,47.220731530140334,-1.5382228468499677,slate,ardoise
83940914,way,nantes,47.22208656650683,-1.531121738305779,slate,ardoise
83940740,way,nantes,47.223546003792,-1.5382690791763534,slate,ardoise
83940206,way,nantes,47.22127192310444,-1.535675923359578,slate,ardoise
1273616,way,nantes,47.21110493683252,-1.557071060101666,slate,ardoise
83940539,way,nantes,47.22042343264663,-1.5386105628856714,slate,ardoise
83941487,way,nantes,47.220245227200685,-1.5402156160166791,slate,ardoise
70002281,way,paris,48.86767963904671,2.3988543840397645,slate,ardoise
56252962,way,paris,48.8280189,2.2226539,slate,ardoise
63224733,way,paris,48.87499173093268,2.3873483859702125,slate,ardoise
697218439,way,paris,48.87359053572239,2.3664095868650863,slate,ardoise
78052401,way,paris,48.83516684033004,2.4045759481976026,slate,ardoise
70148995,way,paris,48.864619816858806,2.3979289117080134,slate,ardoise
69999712,way,paris,48.868338245443965,2.3977001674278418,slate,ardoise
764019080,way,paris,48.79224775393386,2.269502123361666,slate,ardoise
975491402,way,paris,48.87647379042663,2.3914245373251206,slate,ardoise
63240224,way,paris,48.88315109644791,2.392291762216705,slate,ardoise
69999167,way,paris,48.87215995537609,2.391939289721571,slate,ardoise
1002900,way,paris,48.85939860735222,2.376876383337512,slate,ardoise
762613647,way,paris,48.79249430920585,2.2699992833510776,slate,ardoise
70000993,way,paris,48.869811157338845,2.3962848627168656,slate,ardoise
1103209,way,paris,48.872498900686814,2.393115502813061,slate,ardoise
1536639885,way,paris,48.79107460999231,2.2717546961525814,slate,ardoise
64955050,way,paris,48.85459488409393,2.3144695635981902,slate,ardoise
283801197,way,paris,48.82414823510875,2.2164811633336665,slate,ardoise
70001296,way,paris,48.87313565970469,2.390695743582904,slate,ardoise
69999656,way,paris,48.86796493649607,2.396302616418645,slate,ardoise
74469428,way,paris,48.90161547577814,2.294348329448283,slate,ardoise
56252963,way,paris,48.82789700000001,2.2215415499999978,slate,ardoise
175214100,way,paris,48.80138911337915,2.4779425209782606,slate,ardoise
70002104,way,paris,48.8733248273196,2.390548086270314,slate,ardoise
69998975,way,paris,48.8692201958342,2.3965533477252348,slate,ardoise
67561780,way,paris,48.87087340273797,2.3256768371957666,slate,ardoise
70001498,way,paris,48.872257013970646,2.391792554399234,slate,ardoise
69999258,way,paris,48.86907539864262,2.39546302094744,slate,ardoise
78000300,way,paris,48.843267858572894,2.4108126830864447,slate,ardoise
78052833,way,paris,48.835163724717646,2.404373169019024,slate,ardoise
55047644,way,paris,48.88994213646444,2.193106363062076,slate,ardoise
56252990,way,paris,48.8275322250227,2.222188147114766,slate,ardoise
64623273,way,paris,48.896050836458485,2.286114694599564,slate,ardoise
70000644,way,paris,48.86851114793417,2.3978761893160048,slate,ardoise
175216419,way,paris,48.80110400825127,2.4777539428037496,slate,ardoise
70003171,way,paris,48.87297639450114,2.390275448150832,slate,ardoise
89668802,way,paris,48.77050362906101,2.27463366165296,slate,ardoise
98806872,way,paris,48.84086830634017,2.3417712509151936,slate,ardoise
762613646,way,paris,48.792783329599466,2.270641478691797,slate,ardoise
70000950,way,paris,48.86952397763575,2.3952735557154723,slate,ardoise
70001081,way,paris,48.86780820478758,2.398298378800504,slate,ardoise
1708164,way,paris,48.840850429350496,2.38823146582697,slate,ardoise
63236948,way,paris,48.87547740034434,2.389823618901322,slate,ardoise
63212676,way,paris,48.8763060286991,2.3897059080836223,slate,ardoise
73429172,way,paris,48.88153809561442,2.421231261834446,slate,ardoise
1147106,way,paris,48.905054670632005,2.302375145104859,slate,ardoise
63224672,way,paris,48.87644822251448,2.387489160912509,slate,ardoise
63199455,way,paris,48.87381105447088,2.366665426440243,slate,ardoise
149274893,way,paris,48.8214950652126,2.4133742716594173,slate,ardoise
70001744,way,paris,48.86903964678702,2.3971980508741293,slate,ardoise
70148008,way,paris,48.86291610872888,2.408561838503331,slate,ardoise
772519092,way,paris,48.87312346692596,2.366329590008051,slate,ardoise
54187748,way,paris,48.89328546152646,2.192628217252354,slate,ardoise
78052018,way,paris,48.8351623902781,2.404273972115836,slate,ardoise
70154314,way,paris,48.86443033038317,2.3983391402221312,slate,ardoise
70000588,way,paris,48.87060128425416,2.3939658165370616,slate,ardoise
146284652,way,paris,48.82932463607168,2.2231465413841125,slate,ardoise
70002369,way,paris,48.8691685555391,2.3954271172451,slate,ardoise
772466000,way,paris,48.8722652652276,2.369309634084106,slate,ardoise
70002304,way,paris,48.87177533480963,2.393577194909055,slate,ardoise
764019079,way,paris,48.79198498507587,2.2689738218247824,slate,ardoise
70002364,way,paris,48.86690410438737,2.399699885390445,slate,ardoise
63224741,way,paris,48.87894977440013,2.388717949651337,slate,ardoise
56217774,way,paris,48.85019508563904,2.363610999626651,slate,ardoise
63234954,way,paris,48.879390936760814,2.38847588752669,slate,ardoise
70206368,way,paris,48.78247057384691,2.257603243398334,slate,ardoise
63238838,way,paris,48.87912725101957,2.3826405633240344,slate,ardoise
1103278,way,paris,48.87390588117147,2.389241582944668,slate,ardoise
70001963,way,paris,48.86794001756032,2.39587909924174,slate,ardoise
98806869,way,paris,48.84041015502579,2.3414634311089544,slate,ardoise
63654885,way,paris,48.79543001584162,2.3357137133900108,slate,ardoise
78052193,way,paris,48.83514999139864,2.404078883870032,slate,ardoise
755982397,way,paris,48.793007965798985,2.272106226392586,slate,ardoise
63238678,way,paris,48.8756090595483,2.387263036656547,slate,ardoise
70184604,way,paris,48.87265314287625,2.299997476167817,slate,ardoise
70147496,way,paris,48.86442456431668,2.398592267693864,slate,ardoise
63213655,way,paris,48.87652958256295,2.39218392869338,slate,ardoise
121000795,way,paris,48.812139300742864,2.4326545874066143,slate,ardoise
70002430,way,paris,48.86894243676136,2.395574443657924,slate,ardoise
70004153,way,paris,48.87364639993146,2.388574647344967,slate,ardoise
49457719,way,paris,48.89590530211687,2.1960850848393925,slate,ardoise
70000982,way,paris,48.86937970722661,2.3967684933231235,slate,ardoise
63240652,way,paris,48.8781055691757,2.3935256132851728,slate,ardoise
1103218,way,paris,48.87304103400087,2.390135185676576,slate,ardoise
1103311,way,paris,48.87253424270164,2.391661222648371,slate,ardoise
70001510,way,paris,48.87500674688257,2.3897612600655536,slate,ardoise
697225512,way,paris,48.873760712632325,2.366332839372419,slate,ardoise
146285355,way,paris,48.8292333557035,2.222774187616511,slate,ardoise
69999789,way,paris,48.873377023865785,2.3904433610751363,slate,ardoise
156972546,way,paris,48.77667455066189,2.339788136005608,slate,ardoise
70001786,way,paris,48.872353967003136,2.3916927832728336,slate,ardoise
70001874,way,paris,48.87392346271511,2.388886046463085,slate,ardoise
63655227,way,paris,48.78661217413198,2.335604897850392,slate,ardoise
1000461,way,paris,48.87568495334354,2.3856155902711564,slate,ardoise
70004098,way,paris,48.87032130755167,2.384495773713686,slate,ardoise
70000393,way,paris,48.87171628770229,2.3958950633968645,slate,ardoise
70147406,way,paris,48.860023357930906,2.390861863598945,slate,ardoise
70003135,way,paris,48.87231861192943,2.393161403434933,slate,ardoise
63235550,way,paris,48.87462044181962,2.386313450008916,slate,ardoise
175211024,way,paris,48.80036873772482,2.4771577733073427,slate,ardoise
70002531,way,paris,48.87682271502645,2.406197180870071,slate,ardoise
495635813,way,paris,48.85395736257589,2.333777267575356,slate,ardoise
63241968,way,paris,48.87637295724403,2.3815418251862344,slate,ardoise
63653457,way,paris,48.79368138146971,2.337175358094433,slate,ardoise
78052493,way,paris,48.83515924838167,2.40417280021156,slate,ardoise
70001322,way,paris,48.868868683965474,2.395626018054128,slate,ardoise
1103397,way,paris,48.87480131031417,2.38919138905157,slate,ardoise
70002256,way,paris,48.86804881228165,2.398042501630461,slate,ardoise
1104449,way,paris,48.86470277911728,2.399145825629635,slate,ardoise
56252957,way,paris,48.82823088141739,2.223773053845276,slate,ardoise
1026524740,way,paris,48.85036958592602,2.3622813015549515,slate,ardoise
697218438,way,paris,48.874002604525714,2.3669699491274416,slate,ardoise
70003520,way,paris,48.873124406859645,2.38997108839018,slate,ardoise
40716134,way,strasbourg,48.58090157165026,7.761637494582402,slate,ardoise
40716109,way,strasbourg,48.58056471921403,7.762217510228125,slate,ardoise
39551398,way,strasbourg,48.58200315563231,7.749920626601489,slate,ardoise
40707870,way,strasbourg,48.58055507122017,7.761676015158667,slate,ardoise
40588852,way,strasbourg,48.57612188516178,7.754530189873289,slate,ardoise
40588847,way,strasbourg,48.57547760011511,7.755328353688033,slate,ardoise
40237353,way,strasbourg,48.57525585045551,7.738845338233555,slate,ardoise
42917425,way,strasbourg,48.61159720589201,7.748588983148308,slate,ardoise
40588850,way,strasbourg,48.5756525817377,7.754803853589991,slate,ardoise
40588858,way,strasbourg,48.57573121209885,7.755586613450922,slate,ardoise
40716112,way,strasbourg,48.58081851643934,7.762348008757835,slate,ardoise
40588849,way,strasbourg,48.57548589659259,7.754982327038832,slate,ardoise
40588853,way,strasbourg,48.575851730521286,7.754667967560703,slate,ardoise
34923008,way,toulouse,43.60440694247174,1.444778444625957,slate,ardoise
75330742,way,tours,47.36779576126053,0.7536137799999417,slate,ardoise
69806362,way,tours,47.37986283100859,0.7085084338698141,slate,ardoise
522877568,way,tours,47.38337836208715,0.6717482102941043,slate,ardoise
68623090,way,tours,47.3769550794123,0.6032055514677632,slate,ardoise
69552272,way,tours,47.38354774527267,0.6710386146198041,slate,ardoise
69553502,way,tours,47.38353288863905,0.6711430445717148,slate,ardoise
69551050,way,tours,47.38388502223689,0.6710854865091574,slate,ardoise
69565207,way,tours,47.388067512974416,0.6880750559736214,slate,ardoise
44062437,way,tours,47.393313070162186,0.6944080292712141,slate,ardoise
69553192,way,tours,47.383479862717934,0.6707201934934293,slate,ardoise
69550568,way,tours,47.3830820530861,0.672211166200171,slate,ardoise
48637557,way,tours,47.36599201150669,0.7046193804912538,slate,ardoise
622300267,way,tours,47.38358246957824,0.6711134366322554,slate,ardoise
44064932,way,tours,47.39325353618099,0.694012571994825,slate,ardoise
528552861,way,tours,47.38327658228493,0.6721573531381704,slate,ardoise
44062438,way,tours,47.39325942206639,0.6944315746778471,slate,ardoise
69791856,way,tours,47.37977878964641,0.708505525699091,slate,ardoise
69570127,way,tours,47.38809920645084,0.6882027527697503,slate,ardoise
69551529,way,tours,47.38385684180066,0.6711241852727508,slate,ardoise
621207979,way,tours,47.3863285,0.6764212499999988,slate,ardoise
69550816,way,tours,47.38353101662226,0.6708126116043507,slate,ardoise
49184090,way,tours,47.39137693647529,0.6794874923801207,slate,ardoise
69551009,way,tours,47.383296197144944,0.6692947150107139,slate,ardoise
69552589,way,tours,47.38380069982217,0.671527693753157,slate,ardoise
307277859,way,tours,47.2856751791488,0.7945122442793505,slate,ardoise
69552528,way,tours,47.38351180680278,0.6709273214719929,slate,ardoise
63647169,way,tours,47.436514667229766,0.6346694870848787,slate,ardoise
44062434,way,tours,47.39351176238418,0.6943076472940951,slate,ardoise
400744067,way,tours,47.36765443981388,0.7536735948053986,slate,ardoise
69553011,way,tours,47.38356098740105,0.6712141411977826,slate,ardoise
69781935,way,tours,47.38444893030217,0.7004892946709917,slate,ardoise
44064931,way,tours,47.39326884743144,0.6941363672439081,slate,ardoise
69553156,way,tours,47.38363221607938,0.671301760161844,slate,ardoise
69795630,way,tours,47.379753786041626,0.7086302372948668,slate,ardoise
44062435,way,tours,47.39344407930556,0.6943354078242453,slate,ardoise
69552040,way,tours,47.38334995015605,0.6711081972823947,slate,ardoise
44062436,way,tours,47.39337240009231,0.6943508356468947,slate,ardoise
69805600,way,tours,47.39054933697688,0.7051439638093805,slate,ardoise
69785221,way,tours,47.37970244272301,0.7087113537075389,slate,ardoise
69552242,way,tours,47.38390568933687,0.6714911111045793,slate,ardoise
72042768,way,tours,47.438250156846536,0.7496690732596668,slate,ardoise
63376853,way,tours,47.410754855681326,0.6619078052508056,slate,ardoise
69552142,way,tours,47.3836033128867,0.6715485620055113,slate,ardoise
69551136,way,tours,47.38344730865919,0.6693063259006423,slate,ardoise
830706468,way,tours,47.39384041635341,0.693609472367654,slate,ardoise
69551569,way,tours,47.383574920482864,0.6712941485819475,slate,ardoise
44064933,way,tours,47.39315044051313,0.694050239547332,slate,ardoise
75324709,way,tours,47.34811919571951,0.7395661053884854,slate,ardoise
69550684,way,tours,47.38266232435545,0.6696349137304152,slate,ardoise
69553077,way,tours,47.38379064578281,0.6714013713601389,slate,ardoise
69795713,way,tours,47.38415852951403,0.6965787524362885,slate,ardoise
40875557,way,lille,50.62998225954278,3.0636795330262827,concrete,beton
78505761,way,lille,50.73336267786038,3.184572820167296,concrete,beton
79507800,way,lille,50.61050300931355,3.1393664627872497,concrete,beton
79507884,way,lille,50.61116157208723,3.1419210011004908,concrete,beton
79507900,way,lille,50.60828441167186,3.140171561048546,concrete,beton
79507942,way,lille,50.61057149752654,3.135967701653121,concrete,beton
79507947,way,lille,50.6082318766729,3.1459966799479804,concrete,beton
79507958,way,lille,50.61311947176867,3.1415068981453977,concrete,beton
79507963,way,lille,50.61031861934095,3.144359024422922,concrete,beton
79507965,way,lille,50.61123826647725,3.1392234463738915,concrete,beton
79507975,way,lille,50.60778599366553,3.1455586415662093,concrete,beton
79508003,way,lille,50.60830178239991,3.1403757889141803,concrete,beton
79508039,way,lille,50.610019786413815,3.145569714795138,concrete,beton
79508046,way,lille,50.61094475094295,3.1396310727013668,concrete,beton
79508055,way,lille,50.606527491408826,3.146533349678424,concrete,beton
79508096,way,lille,50.60817470721203,3.143478160685864,concrete,beton
79508103,way,lille,50.6131882,3.141251600000001,concrete,beton
79508106,way,lille,50.61175029356757,3.140281494278047,concrete,beton
79508116,way,lille,50.60703689056708,3.1466855853119564,concrete,beton
79508154,way,lille,50.605450066293386,3.1355216813353404,concrete,beton
79508186,way,lille,50.607737576249725,3.148973528476404,concrete,beton
79508226,way,lille,50.60494081500125,3.135225640297037,concrete,beton
79508280,way,lille,50.61040566896414,3.143298184778644,concrete,beton
79508288,way,lille,50.60491014590498,3.137388622268876,concrete,beton
79508311,way,lille,50.61231518209642,3.1412976400795896,concrete,beton
79508321,way,lille,50.61190800101871,3.1370142065642788,concrete,beton
79508325,way,lille,50.610937294507856,3.144147798772497,concrete,beton
79508382,way,lille,50.608014732159134,3.1448085755247,concrete,beton
79508400,way,lille,50.61058374213782,3.142724721907754,concrete,beton
79508450,way,lille,50.61319935889394,3.141032781763408,concrete,beton
79508470,way,lille,50.6070033,3.146199150000001,concrete,beton
79508480,way,lille,50.60464965545855,3.1356118018433814,concrete,beton
79508515,way,lille,50.61134327539136,3.1363178743263243,concrete,beton
79508528,way,lille,50.60747347376763,3.1486101587695257,concrete,beton
79508544,way,lille,50.61141144791635,3.1405371624455114,concrete,beton
79508567,way,lille,50.60985759718583,3.1438802252862703,concrete,beton
79508578,way,lille,50.60720061295112,3.1395930001938464,concrete,beton
79508595,way,lille,50.60672119264096,3.139500001193828,concrete,beton
79508602,way,lille,50.60533175181232,3.136464784032885,concrete,beton
79508622,way,lille,50.60712957183031,3.1465704347670327,concrete,beton
79508630,way,lille,50.61018705893928,3.142649963666615,concrete,beton
79508661,way,lille,50.60468259973749,3.136357005377368,concrete,beton
79508671,way,lille,50.61126542091019,3.140946240708985,concrete,beton
79508710,way,lille,50.60841791761114,3.145578920582459,concrete,beton
79508726,way,lille,50.60439261662413,3.136745643411614,concrete,beton
79508812,way,lille,50.61157854691307,3.1401797229323383,concrete,beton
79508817,way,lille,50.61329239999999,3.1360841500000034,concrete,beton
79508945,way,lille,50.61169481528453,3.1401069577116503,concrete,beton
79508948,way,lille,50.60826991305229,3.1439095541206545,concrete,beton
79508952,way,lille,50.60444263831918,3.1353282868758683,concrete,beton
79509018,way,lille,50.61103997953872,3.145386773101318,concrete,beton
79509021,way,lille,50.61161715637783,3.13667405389224,concrete,beton
79509022,way,lille,50.60875441743265,3.144326394118444,concrete,beton
79509072,way,lille,50.61140580266466,3.139853873944392,concrete,beton
79509081,way,lille,50.606269363305074,3.1452383496840657,concrete,beton
79509093,way,lille,50.61362346047911,3.141458664574252,concrete,beton
79509123,way,lille,50.60723488673988,3.146654789988465,concrete,beton
79509130,way,lille,50.60572071343943,3.133699831571032,concrete,beton
79509160,way,lille,50.61155688131821,3.141125269318489,concrete,beton
132399721,way,lille,50.614479991594095,3.13984555058392,concrete,beton
132399722,way,lille,50.61359501614798,3.1398525164023163,concrete,beton
178542178,way,lille,50.56023049999999,2.966874,concrete,beton
390221028,way,lille,50.61138030042156,3.143914620977604,concrete,beton
390221029,way,lille,50.61126283105285,3.144043273909919,concrete,beton
779034955,way,lille,50.60505486199836,3.133489336966486,concrete,beton
10794709,way,lille,50.60539081987408,3.133584517586508,concrete,beton
62278791,way,lyon,45.758860724918,4.849594729406155,concrete,beton
62346366,way,lyon,45.73203247974784,4.861329423282822,concrete,beton
62348636,way,lyon,45.731810223210445,4.861176524355552,concrete,beton
84590457,way,lyon,45.76108513681495,4.874511108217717,concrete,beton
84606375,way,lyon,45.77126142709968,4.869646559998556,concrete,beton
85251925,way,lyon,45.77433719121563,4.82461841918722,concrete,beton
185403672,way,lyon,45.722108947720216,4.845061844194122,concrete,beton
332552969,way,lyon,45.77990254379076,4.876085174459029,concrete,beton
1501420334,way,lyon,45.75831855141394,4.85127698587311,concrete,beton
27329515,way,nantes,47.24166920819368,-1.5326986185322211,concrete,beton
32336208,way,nantes,47.23492615812282,-1.5466409374917156,concrete,beton
37807568,way,nantes,47.237063703828014,-1.541336355758289,concrete,beton
37807569,way,nantes,47.23684902829844,-1.5417733184508766,concrete,beton
49806020,way,nantes,47.21377020332982,-1.532777741648294,concrete,beton
49806021,way,nantes,47.21361395319916,-1.5321214527916964,concrete,beton
49806022,way,nantes,47.21419512917286,-1.5326351846476511,concrete,beton
49806023,way,nantes,47.21478886409344,-1.531291917922773,concrete,beton
49806817,way,nantes,47.21422909915087,-1.5284577344234662,concrete,beton
49806821,way,nantes,47.21471217645599,-1.5266935812395062,concrete,beton
49808639,way,nantes,47.21553989147108,-1.5257281066277473,concrete,beton
49808727,way,nantes,47.21495269843519,-1.5272317671344555,concrete,beton
49809090,way,nantes,47.21645679098501,-1.5242501167130074,concrete,beton
49809091,way,nantes,47.2165804351261,-1.523263467831905,concrete,beton
49809093,way,nantes,47.21689582800313,-1.5223521508946454,concrete,beton
60414027,way,nantes,47.20656944858479,-1.5354488163325093,concrete,beton
60517438,way,nantes,47.2041058773761,-1.535462015549824,concrete,beton
60844071,way,nantes,47.20434844376719,-1.5332500729119076,concrete,beton
60844077,way,nantes,47.20497453724042,-1.5325259426643756,concrete,beton
74719706,way,nantes,47.20371718039219,-1.5393884179919572,concrete,beton
74719923,way,nantes,47.203737190060046,-1.537841779734404,concrete,beton
74720423,way,nantes,47.20837682963061,-1.5312416620891809,concrete,beton
74720499,way,nantes,47.202932655928194,-1.5373322484231755,concrete,beton
74720570,way,nantes,47.203140556773306,-1.5404685531751807,concrete,beton
74721007,way,nantes,47.20424314709933,-1.538930655657431,concrete,beton
74721034,way,nantes,47.20289287849398,-1.539799752714499,concrete,beton
82971572,way,nantes,47.24308986730709,-1.5369941387621209,concrete,beton
82971596,way,nantes,47.24144064024114,-1.5392902988643629,concrete,beton
82971685,way,nantes,47.24452501170376,-1.5346649016359102,concrete,beton
82971864,way,nantes,47.24041959805741,-1.5430474269764791,concrete,beton
82971893,way,nantes,47.24536675000001,-1.5415752500000002,concrete,beton
82972156,way,nantes,47.23788720215479,-1.5430151935665648,concrete,beton
82972186,way,nantes,47.24634830689593,-1.5315512694163165,concrete,beton
82972242,way,nantes,47.24079865256751,-1.5436586536807777,concrete,beton
82972287,way,nantes,47.238217757066,-1.5456600689614823,concrete,beton
82972296,way,nantes,47.23785834564417,-1.5465584519018398,concrete,beton
82972628,way,nantes,47.23753620180313,-1.5459319314540756,concrete,beton
82972713,way,nantes,47.24658178441285,-1.5308626470467095,concrete,beton
82972866,way,nantes,47.24289823964107,-1.535267465015434,concrete,beton
82972883,way,nantes,47.238079839145136,-1.5453769420556387,concrete,beton
82972893,way,nantes,47.24556106137412,-1.5419960186975985,concrete,beton
82972910,way,nantes,47.23994580991528,-1.5417721184263018,concrete,beton
82972917,way,nantes,47.240189264173296,-1.5439000017396658,concrete,beton
82972938,way,nantes,47.23799058620268,-1.546689689380543,concrete,beton
82973020,way,nantes,47.2428437541605,-1.5376357420091251,concrete,beton
82973052,way,nantes,47.23998247260295,-1.5402087048951574,concrete,beton
82973270,way,nantes,47.23745495614992,-1.5462588302725513,concrete,beton
82973454,way,nantes,47.23643864007277,-1.542980932051396,concrete,beton
82973507,way,nantes,47.24336119066662,-1.5359869702063993,concrete,beton
82973512,way,nantes,47.24672887613245,-1.5313811791878178,concrete,beton
82974598,way,nantes,47.24387528416997,-1.5352636483514943,concrete,beton
82974644,way,nantes,47.23775565068826,-1.546297483481814,concrete,beton
82974880,way,nantes,47.24339616624834,-1.5352479128696657,concrete,beton
82974942,way,nantes,47.237331950000005,-1.5440404,concrete,beton
82974960,way,nantes,47.23813058291536,-1.5465389048645788,concrete,beton
82974966,way,nantes,47.24360236202556,-1.5355940606222025,concrete,beton
82975141,way,nantes,47.241774059259086,-1.540808298231938,concrete,beton
82975153,way,nantes,47.24265639970648,-1.5360338672550782,concrete,beton
82975170,way,nantes,47.23850458838464,-1.545931046402353,concrete,beton
82975617,way,nantes,47.23750693380328,-1.5481962222973196,concrete,beton
82975968,way,nantes,47.24390762010545,-1.534128709382313,concrete,beton
82976021,way,nantes,47.23758832165023,-1.547464165199807,concrete,beton
82976031,way,nantes,47.23703386343159,-1.545759807373252,concrete,beton
82976219,way,nantes,47.241757266779146,-1.5414566587600078,concrete,beton
82976225,way,nantes,47.23763616247241,-1.5480506245414818,concrete,beton
82976232,way,nantes,47.24329751031477,-1.534594082819995,concrete,beton
82976262,way,nantes,47.23708219038286,-1.5467515583118987,concrete,beton
82976382,way,nantes,47.2408375948575,-1.5425656854247611,concrete,beton
82976391,way,nantes,47.24165388907912,-1.5399618353467877,concrete,beton
82976413,way,nantes,47.2411645870812,-1.5420609514451449,concrete,beton
82976502,way,nantes,47.24707714813859,-1.5311179618274655,concrete,beton
82976551,way,nantes,47.2400255203809,-1.541585261491336,concrete,beton
82976611,way,nantes,47.24287401901525,-1.5337559586096667,concrete,beton
82976724,way,nantes,47.23922809342087,-1.5419562427416356,concrete,beton
83190130,way,nantes,47.23610592886557,-1.5430727598917946,concrete,beton
83190361,way,nantes,47.236180858563365,-1.5447817079081303,concrete,beton
83866300,way,nantes,47.23459295778621,-1.547373150449237,concrete,beton
83866584,way,nantes,47.23512406394183,-1.5462204491870322,concrete,beton
83868269,way,nantes,47.234588638193664,-1.5463867502546622,concrete,beton
84043052,way,nantes,47.22797989254439,-1.5516404889212712,concrete,beton
85437546,way,nantes,47.215012969741466,-1.5408555916958255,concrete,beton
85437577,way,nantes,47.21236628533722,-1.5377031330399578,concrete,beton
85437593,way,nantes,47.21492559942524,-1.5414272810419458,concrete,beton
85437622,way,nantes,47.21547972784457,-1.541171627476592,concrete,beton
85437658,way,nantes,47.21464281761101,-1.5406167753347006,concrete,beton
85437914,way,nantes,47.21462696083706,-1.5406517608300736,concrete,beton
85437969,way,nantes,47.215028377183046,-1.5408199776732396,concrete,beton
85437972,way,nantes,47.21507676836812,-1.5406820388506282,concrete,beton
85438018,way,nantes,47.21537841036086,-1.5413999493828587,concrete,beton
85438077,way,nantes,47.21569139450681,-1.541641089993688,concrete,beton
85438194,way,nantes,47.21496545,-1.5409603999999997,concrete,beton
85438256,way,nantes,47.21429869688973,-1.5404122772915605,concrete,beton
85438286,way,nantes,47.21563989639397,-1.541619657568387,concrete,beton
85438407,way,nantes,47.21499672206512,-1.5408901482131956,concrete,beton
85438550,way,nantes,47.21574374721873,-1.54166375144773,concrete,beton
85438612,way,nantes,47.2145748438578,-1.5404116628149769,concrete,beton
85438693,way,nantes,47.21469061810296,-1.540510098525908,concrete,beton
85438752,way,nantes,47.21561385769549,-1.5416077719190258,concrete,beton
85438757,way,nantes,47.21545119129151,-1.5416891805285042,concrete,beton
85438850,way,nantes,47.215505469401045,-1.5416037582869777,concrete,beton
85439101,way,nantes,47.215487601293816,-1.5416325741451768,concrete,beton
85439106,way,nantes,47.21552993214839,-1.5415663705213078,concrete,beton
85439316,way,nantes,47.21566520201979,-1.541630385700337,concrete,beton
85439336,way,nantes,47.215767825733664,-1.5416747380016604,concrete,beton
85439486,way,nantes,47.21491798386755,-1.5410676347396992,concrete,beton
85439584,way,nantes,47.214399023039135,-1.5406144799565675,concrete,beton
85439634,way,nantes,47.21571785378752,-1.541652404052213,concrete,beton
85439636,way,nantes,47.21558795,-1.5415970000000017,concrete,beton
85439793,way,nantes,47.214721813960026,-1.540440424077422,concrete,beton
85439820,way,nantes,47.21454238442129,-1.5404842027314818,concrete,beton
85439836,way,nantes,47.21475452973489,-1.5411626110574064,concrete,beton
85439882,way,nantes,47.21461206039652,-1.540686141911577,concrete,beton
85440212,way,nantes,47.21494974269216,-1.5409958193225537,concrete,beton
85440223,way,nantes,47.21502777022764,-1.541195703309288,concrete,beton
85440237,way,nantes,47.214748370958894,-1.5403505059250755,concrete,beton
85440467,way,nantes,47.21470610548427,-1.5404754471116855,concrete,beton
85440470,way,nantes,47.21531639747578,-1.541727069187923,concrete,beton
85440554,way,nantes,47.21546942790755,-1.5416600169390733,concrete,beton
85440557,way,nantes,47.21504432919853,-1.540783119941045,concrete,beton
85440651,way,nantes,47.21465933796199,-1.540580738925737,concrete,beton
85440696,way,nantes,47.21556299363752,-1.541586369174501,concrete,beton
85440789,way,nantes,47.21581849542982,-1.5416808785835538,concrete,beton
85440790,way,nantes,47.2149020986542,-1.5411033986845395,concrete,beton
85440806,way,nantes,47.21467528270019,-1.540544412348221,concrete,beton
85441009,way,nantes,47.2147374156713,-1.5404052307977651,concrete,beton
85441058,way,nantes,47.21493391515125,-1.5410319128285557,concrete,beton
85441087,way,nantes,47.21510551543916,-1.5407095830827062,concrete,beton
85441248,way,nantes,47.21457009100849,-1.540877759390862,concrete,beton
85441324,way,nantes,47.214558344127006,-1.5404481014329707,concrete,beton
85441448,way,nantes,47.216113284354286,-1.5219600511841294,concrete,beton
85441519,way,nantes,47.215061046320166,-1.540747427536096,concrete,beton
85441579,way,nantes,47.21498107781059,-1.5409251686001564,concrete,beton
85441611,way,nantes,47.21661641642239,-1.5211840194081212,concrete,beton
109566349,way,nantes,47.20788063352652,-1.5633454045007504,concrete,beton
129950908,way,nantes,47.20994238326007,-1.5311273766281552,concrete,beton
129950909,way,nantes,47.210757041238445,-1.529835212847676,concrete,beton
129950910,way,nantes,47.21064684079711,-1.5314173449758866,concrete,beton
129950920,way,nantes,47.21013472028161,-1.530560236011091,concrete,beton
141477713,way,nantes,47.20603714806603,-1.5315582008374204,concrete,beton
141480212,way,nantes,47.207287487688674,-1.5348883076079751,concrete,beton
143814141,way,nantes,47.24870357729054,-1.5480574691714832,concrete,beton
143814142,way,nantes,47.24886718415864,-1.5473426613745278,concrete,beton
231540516,way,nantes,47.236780573375285,-1.5409154504618925,concrete,beton
231540518,way,nantes,47.23709955036084,-1.5421091078955982,concrete,beton
231540520,way,nantes,47.23692723031351,-1.5410539756571755,concrete,beton
231540522,way,nantes,47.23699426812705,-1.5419115190160182,concrete,beton
312404224,way,nantes,47.21517354432318,-1.5407736024272722,concrete,beton
312404225,way,nantes,47.21512313515801,-1.5409832130794727,concrete,beton
312404226,way,nantes,47.21504362512748,-1.5411595804857796,concrete,beton
312404227,way,nantes,47.2151069335017,-1.5410178811347237,concrete,beton
314489508,way,nantes,47.24402677067225,-1.5346216409567397,concrete,beton
314491193,way,nantes,47.24324102520976,-1.5336762243670767,concrete,beton
314492331,way,nantes,47.243486768215234,-1.536624532849653,concrete,beton
314606559,way,nantes,47.235174326371926,-1.5467473203747142,concrete,beton
314606560,way,nantes,47.23441183366604,-1.5473487764320826,concrete,beton
314606562,way,nantes,47.23463348249594,-1.54684546102095,concrete,beton
314606568,way,nantes,47.23485160295274,-1.546265045907435,concrete,beton
314606570,way,nantes,47.23427348770376,-1.5473236103669037,concrete,beton
314606572,way,nantes,47.23715269366406,-1.5469719472046013,concrete,beton
314606573,way,nantes,47.23789995490579,-1.546510015484836,concrete,beton
314606626,way,nantes,47.23734449339668,-1.5460809561609457,concrete,beton
314606628,way,nantes,47.23743681009111,-1.5478544183160114,concrete,beton
314606632,way,nantes,47.2375628077169,-1.5478276530463642,concrete,beton
314606633,way,nantes,47.23700165896164,-1.5464997452464977,concrete,beton
314606643,way,nantes,47.23506747235332,-1.546306222590046,concrete,beton
314606647,way,nantes,47.23753428282766,-1.5481407604366382,concrete,beton
314606663,way,nantes,47.23807012534383,-1.546867262679385,concrete,beton
314606664,way,nantes,47.237775938399146,-1.5472473181771482,concrete,beton
314606665,way,nantes,47.237369786500295,-1.5476233945040896,concrete,beton
314606666,way,nantes,47.23769251562697,-1.546860690386847,concrete,beton
314606675,way,nantes,47.234711259573935,-1.5462120011367173,concrete,beton
314606678,way,nantes,47.23487198229212,-1.546201157420781,concrete,beton
314615028,way,nantes,47.24550806084216,-1.541773454808483,concrete,beton
314615049,way,nantes,47.2467573286131,-1.540759539823663,concrete,beton
314632744,way,nantes,47.23990766028278,-1.5420979365081662,concrete,beton
314632749,way,nantes,47.24014555881748,-1.541263500313323,concrete,beton
314660155,way,nantes,47.238720676283954,-1.546015177269768,concrete,beton
314660156,way,nantes,47.23887453640306,-1.5462850549839386,concrete,beton
314660157,way,nantes,47.23766159903387,-1.5429467672833996,concrete,beton
314660158,way,nantes,47.237906136305945,-1.5432120858588585,concrete,beton
314726507,way,nantes,47.23743089788985,-1.5439462283906378,concrete,beton
315051624,way,nantes,47.20697843771557,-1.5573160915406346,concrete,beton
315074990,way,nantes,47.206929911508325,-1.5303294205903608,concrete,beton
315122835,way,nantes,47.20403394397946,-1.5355951389118494,concrete,beton
315122839,way,nantes,47.203730860427534,-1.5350977503743362,concrete,beton
315122863,way,nantes,47.20341897087464,-1.5354875813226043,concrete,beton
404926998,way,nantes,47.20697392103078,-1.5346273788853595,concrete,beton
404926999,way,nantes,47.2068773558949,-1.5349847450763916,concrete,beton
404927000,way,nantes,47.2071357835867,-1.5351938012709612,concrete,beton
404927001,way,nantes,47.206812714612326,-1.5356471770197573,concrete,beton
753120982,way,nantes,47.241405719568576,-1.53317411515319,concrete,beton
1466235540,way,nantes,47.20398011564173,-1.535230432394537,concrete,beton
12034311,way,nantes,47.2375660653136,-1.5464402947840077,concrete,beton
26129669,way,paris,48.86763687921549,2.414789845343145,concrete,beton
58255258,way,paris,48.89003458939248,2.228514155212599,concrete,beton
62456408,way,paris,48.851430123788695,2.335821864469996,concrete,beton
63213690,way,paris,48.88068659879125,2.3719193742678724,concrete,beton
63652495,way,paris,48.7983876,2.3257405,concrete,beton
64424891,way,paris,48.80713094334645,2.364162078817864,concrete,beton
67865185,way,paris,48.89035163162777,2.2256754951885926,concrete,beton
67865303,way,paris,48.88991879631545,2.225255916725194,concrete,beton
67865413,way,paris,48.88873946412157,2.226348333561963,concrete,beton
67865438,way,paris,48.88993148342014,2.22935104206627,concrete,beton
67865482,way,paris,48.88892145530332,2.2278646921177745,concrete,beton
67865543,way,paris,48.88916997374257,2.22622167815782,concrete,beton
67865568,way,paris,48.89021440529117,2.2263337311217986,concrete,beton
67865597,way,paris,48.890616492062286,2.226669170699616,concrete,beton
67865696,way,paris,48.88873323322518,2.225115197363337,concrete,beton
67865752,way,paris,48.889565461011856,2.225635278401245,concrete,beton
67865771,way,paris,48.89036881380117,2.2273278912287933,concrete,beton
67865838,way,paris,48.889318439358895,2.2273766563557853,concrete,beton
67865897,way,paris,48.88928599823134,2.228949067990236,concrete,beton
67865946,way,paris,48.88866205984986,2.225863290218613,concrete,beton
67865970,way,paris,48.88953813424767,2.226699221790279,concrete,beton
67865988,way,paris,48.88898738401873,2.225368352193061,concrete,beton
68289971,way,paris,48.87725030362613,2.3216064916703427,concrete,beton
69074727,way,paris,48.85469295561476,2.3015449722897725,concrete,beton
70152098,way,paris,48.8504797295551,2.4052101470679466,concrete,beton
71341279,way,paris,48.88917836477648,2.174164318358873,concrete,beton
71341377,way,paris,48.88869659953845,2.173397453497588,concrete,beton
71341399,way,paris,48.88927025445494,2.172767695292028,concrete,beton
120856538,way,paris,48.80421872410258,2.4411237485799324,concrete,beton
132284251,way,paris,48.84726515898665,2.211626409721485,concrete,beton
138943514,way,paris,48.78454677612713,2.2268073778709976,concrete,beton
146244579,way,paris,48.79513655378037,2.3100656728709152,concrete,beton
150143696,way,paris,48.8447906668795,2.371490030108072,concrete,beton
170823628,way,paris,48.887987865557946,2.227684757483545,concrete,beton
175415630,way,paris,48.80198337176709,2.4862925511395693,concrete,beton
230302694,way,paris,48.84506958386599,2.3711842961508944,concrete,beton
245189975,way,paris,48.850498398726494,2.2861062862227794,concrete,beton
483056039,way,paris,48.86742791908021,2.4155548864368868,concrete,beton
935420700,way,paris,48.847762135576495,2.2801061307474626,concrete,beton
952003669,way,paris,48.786315391565246,2.2258500433078168,concrete,beton
954255084,way,paris,48.78678591152004,2.2274948097391825,concrete,beton
955409671,way,paris,48.78669024264657,2.224796230595604,concrete,beton
991202550,way,paris,48.78710605532258,2.2325789825581093,concrete,beton
1114260,way,paris,48.89003355644691,2.172585537880798,concrete,beton
1869744,way,paris,48.78748568971172,2.220149793506804,concrete,beton
26199286,way,strasbourg,48.57436055129432,7.75578490737115,concrete,beton
30750396,way,strasbourg,48.60593677978808,7.741253435693495,concrete,beton
36000352,way,strasbourg,48.592771494715926,7.74940602076768,concrete,beton
38702694,way,strasbourg,48.59744509011834,7.722020489663891,concrete,beton
38702704,way,strasbourg,48.59725721853906,7.721907193388812,concrete,beton
41745511,way,strasbourg,48.612367744308685,7.729476944704502,concrete,beton
41745525,way,strasbourg,48.61220306703464,7.728736873371843,concrete,beton
42419676,way,strasbourg,48.604044337597855,7.7467152874793985,concrete,beton
42441570,way,strasbourg,48.60620092759766,7.740592464438962,concrete,beton
42463597,way,strasbourg,48.60762900398304,7.742637980949722,concrete,beton
42463598,way,strasbourg,48.60790444297025,7.742734370197202,concrete,beton
42463614,way,strasbourg,48.60742135,7.745023849999998,concrete,beton
42689293,way,strasbourg,48.60777610509829,7.74815836219408,concrete,beton
42689500,way,strasbourg,48.60786323695344,7.748530212126277,concrete,beton
42861791,way,strasbourg,48.61228841933742,7.74258640142705,concrete,beton
44113592,way,strasbourg,48.59752652401567,7.722087199725503,concrete,beton
44113593,way,strasbourg,48.59730353374364,7.722550911030499,concrete,beton
521087281,way,strasbourg,48.59074668372608,7.728132899819508,concrete,beton
522943860,way,strasbourg,48.60790195,7.745299500000001,concrete,beton
621956209,way,strasbourg,48.591567739463066,7.725187244456124,concrete,beton
621956210,way,strasbourg,48.59147717619187,7.725196200341151,concrete,beton
646855787,way,strasbourg,48.60956600836072,7.748044993783568,concrete,beton
655474590,way,strasbourg,48.59722737649224,7.721958699194246,concrete,beton
655993007,way,strasbourg,48.59729754772167,7.721760615499872,concrete,beton
1277836143,way,strasbourg,48.59349776793329,7.719038422795267,concrete,beton
1323359399,way,strasbourg,48.58301030026594,7.761434638091246,concrete,beton
241594,way,strasbourg,48.58343231382234,7.762938608481515,concrete,beton
2029654,way,strasbourg,48.59133032977992,7.72485963920385,concrete,beton
7635133,way,strasbourg,48.59941084189207,7.75367194991215,concrete,beton
61412555,way,toulouse,43.60064092947016,1.4298023219767726,concrete,beton
61412563,way,toulouse,43.601195146721714,1.4293963526084088,concrete,beton
63570026,way,toulouse,43.59497024686705,1.4324594922075256,concrete,beton
64425896,way,toulouse,43.63913365320408,1.3772783683241925,concrete,beton
76304525,way,toulouse,43.61448767487854,1.42946985892221,concrete,beton
76312149,way,toulouse,43.61429309719132,1.4296583178231144,concrete,beton
76328170,way,toulouse,43.61465419222034,1.4296245589043357,concrete,beton
852507517,way,toulouse,43.61126973689258,1.4354829566572636,concrete,beton
1062558019,way,toulouse,43.58775655811503,1.416931346624545,concrete,beton
74370417,way,tours,47.38903454199594,0.6781273527946452,concrete,beton
615786861,way,tours,47.38385759620221,0.6714389997313733,concrete,beton
623177217,way,tours,47.37705880781955,0.6912789618038951,concrete,beton
1262917791,way,tours,47.39053354322078,0.7050655126362925,concrete,beton
16532770,way,tours,47.37725956663752,0.6917542539572045,concrete,beton
85085725,way,lille,50.63052794338627,3.101351305471144,roof_tiles,tuile_terre_cuite
74638585,way,lille,50.66998535163571,3.0865631677527903,roof_tiles,tuile_terre_cuite
85089694,way,lille,50.631332274568685,3.102916368764259,roof_tiles,tuile_terre_cuite
85095343,way,lille,50.631751263112974,3.104488832983414,roof_tiles,tuile_terre_cuite
85095753,way,lille,50.6304471359475,3.098412340637036,roof_tiles,tuile_terre_cuite
74641073,way,lille,50.67073886872115,3.084782628434045,roof_tiles,tuile_terre_cuite
85100472,way,lille,50.62501346959787,3.097243250166183,roof_tiles,tuile_terre_cuite
85087869,way,lille,50.63169460627776,3.1005720080066874,roof_tiles,tuile_terre_cuite
85100793,way,lille,50.632474248669176,3.0997926293463944,roof_tiles,tuile_terre_cuite
85092260,way,lille,50.63176895915476,3.101064682858464,roof_tiles,tuile_terre_cuite
85092334,way,lille,50.63190904028625,3.095462050544834,roof_tiles,tuile_terre_cuite
74646254,way,lille,50.67352504372689,3.0888684657387624,roof_tiles,tuile_terre_cuite
85096271,way,lille,50.62327994365163,3.0962687192149807,roof_tiles,tuile_terre_cuite
85100573,way,lille,50.63094737361488,3.1013745209822434,roof_tiles,tuile_terre_cuite
85092268,way,lille,50.63192067449584,3.102710555301281,roof_tiles,tuile_terre_cuite
85088422,way,lille,50.632512320603865,3.1006029003395192,roof_tiles,tuile_terre_cuite
74641975,way,lille,50.67338300221506,3.090350034188501,roof_tiles,tuile_terre_cuite
85092787,way,lille,50.62513002153772,3.097139619429884,roof_tiles,tuile_terre_cuite
74920582,way,lille,50.65195768934454,3.107172507279456,roof_tiles,tuile_terre_cuite
85089550,way,lille,50.63390242431123,3.10474650267165,roof_tiles,tuile_terre_cuite
85097967,way,lille,50.63225540897067,3.1028523498925376,roof_tiles,tuile_terre_cuite
85100846,way,lille,50.628805194393685,3.102797834803188,roof_tiles,tuile_terre_cuite
85086080,way,lille,50.63259982004524,3.099684177826008,roof_tiles,tuile_terre_cuite
85084579,way,lille,50.63180922203509,3.104580091697615,roof_tiles,tuile_terre_cuite
79524642,way,lille,50.61679126750617,3.157357163498563,roof_tiles,tuile_terre_cuite
85098669,way,lille,50.63319411114188,3.0979867326916164,roof_tiles,tuile_terre_cuite
74641156,way,lille,50.67316161602693,3.091223656199213,roof_tiles,tuile_terre_cuite
85096047,way,lille,50.631977379726585,3.105628720443557,roof_tiles,tuile_terre_cuite
74639844,way,lille,50.672859173476006,3.0894804507083578,roof_tiles,tuile_terre_cuite
85095478,way,lille,50.6331884600641,3.101407148544825,roof_tiles,tuile_terre_cuite
85096118,way,lille,50.63115615756852,3.09774433220082,roof_tiles,tuile_terre_cuite
85102112,way,lille,50.628171711600885,3.102522428626925,roof_tiles,tuile_terre_cuite
85083786,way,lille,50.633211384436784,3.105554519158644,roof_tiles,tuile_terre_cuite
85099974,way,lille,50.6328695354132,3.105390806706356,roof_tiles,tuile_terre_cuite
85090106,way,lille,50.63257414932303,3.100169154957813,roof_tiles,tuile_terre_cuite
74637801,way,lille,50.67310718866601,3.0889698416685785,roof_tiles,tuile_terre_cuite
85100734,way,lille,50.63117033265757,3.1010071411160545,roof_tiles,tuile_terre_cuite
85087210,way,lille,50.63142790152828,3.1047471837760163,roof_tiles,tuile_terre_cuite
85092596,way,lille,50.63170126687248,3.101103030647688,roof_tiles,tuile_terre_cuite
85090802,way,lille,50.63276693117873,3.099384972510684,roof_tiles,tuile_terre_cuite
85088759,way,lille,50.63385406707337,3.1047801292794133,roof_tiles,tuile_terre_cuite
74642327,way,lille,50.6710848,3.08532155,roof_tiles,tuile_terre_cuite
85091459,way,lille,50.632397469938894,3.096722332966974,roof_tiles,tuile_terre_cuite
85095827,way,lille,50.63177780017199,3.103057148652929,roof_tiles,tuile_terre_cuite
85101610,way,lille,50.63391365805415,3.101896118558237,roof_tiles,tuile_terre_cuite
85093131,way,lille,50.63210339660543,3.104083640278104,roof_tiles,tuile_terre_cuite
79064222,way,lille,50.61740993159059,3.158409780253949,roof_tiles,tuile_terre_cuite
85089968,way,lille,50.63312670099028,3.0996211688933024,roof_tiles,tuile_terre_cuite
85094001,way,lille,50.63247919626203,3.104392126206541,roof_tiles,tuile_terre_cuite
85091195,way,lille,50.63031320160784,3.101653730165089,roof_tiles,tuile_terre_cuite
85097762,way,lille,50.6323410355154,3.1020881449598265,roof_tiles,tuile_terre_cuite
85088162,way,lille,50.63078717655975,3.10155436629732,roof_tiles,tuile_terre_cuite
85092536,way,lille,50.62863442575236,3.1030219135415167,roof_tiles,tuile_terre_cuite
85096356,way,lille,50.62496321742283,3.0968902282731934,roof_tiles,tuile_terre_cuite
85100335,way,lille,50.63099155556405,3.101334131137404,roof_tiles,tuile_terre_cuite
85084381,way,lille,50.6326608848461,3.100181881277656,roof_tiles,tuile_terre_cuite
74636046,way,lille,50.67205783414308,3.0882055715179906,roof_tiles,tuile_terre_cuite
85090528,way,lille,50.6340513506758,3.1046737438782714,roof_tiles,tuile_terre_cuite
85095245,way,lille,50.62815497644019,3.102126131115128,roof_tiles,tuile_terre_cuite
85096365,way,lille,50.62299214176688,3.096508233334786,roof_tiles,tuile_terre_cuite
85089704,way,lille,50.63198335365969,3.1013112907900737,roof_tiles,tuile_terre_cuite
85099874,way,lille,50.63105403585494,3.097764926072801,roof_tiles,tuile_terre_cuite
74652207,way,lille,50.67077686141867,3.0856535353417147,roof_tiles,tuile_terre_cuite
85083571,way,lille,50.633684587080346,3.104882042716224,roof_tiles,tuile_terre_cuite
85094120,way,lille,50.63309273079255,3.1022396965162726,roof_tiles,tuile_terre_cuite
85089252,way,lille,50.631747336127546,3.105278199226698,roof_tiles,tuile_terre_cuite
85089666,way,lille,50.632213494877526,3.098733588137897,roof_tiles,tuile_terre_cuite
85101955,way,lille,50.63270159809835,3.1027227200171126,roof_tiles,tuile_terre_cuite
74643606,way,lille,50.672187739124425,3.089550373538001,roof_tiles,tuile_terre_cuite
85098024,way,lille,50.632620882128535,3.100861223841451,roof_tiles,tuile_terre_cuite
74649396,way,lille,50.673183834862805,3.0898219964592646,roof_tiles,tuile_terre_cuite
85097761,way,lille,50.632216825569934,3.0988045111048987,roof_tiles,tuile_terre_cuite
1040221417,way,lille,50.65972680948996,3.040932691880145,roof_tiles,tuile_terre_cuite
85099664,way,lille,50.631364473775065,3.1046416260294656,roof_tiles,tuile_terre_cuite
85098272,way,lille,50.63286964805836,3.1005959257462368,roof_tiles,tuile_terre_cuite
85084528,way,lille,50.62314192649991,3.0964218975539715,roof_tiles,tuile_terre_cuite
85098327,way,lille,50.63179607209887,3.101116597321155,roof_tiles,tuile_terre_cuite
85095358,way,lille,50.62873469696802,3.103022325178156,roof_tiles,tuile_terre_cuite
85093363,way,lille,50.631603289407984,3.1042199209093586,roof_tiles,tuile_terre_cuite
85085521,way,lille,50.633631126071016,3.101642531114961,roof_tiles,tuile_terre_cuite
74642900,way,lille,50.67320344621553,3.0880982621729407,roof_tiles,tuile_terre_cuite
85102023,way,lille,50.63180540490731,3.094666993531819,roof_tiles,tuile_terre_cuite
74647564,way,lille,50.67066270240926,3.08471810355291,roof_tiles,tuile_terre_cuite
85100546,way,lille,50.62989264990377,3.10137219687088,roof_tiles,tuile_terre_cuite
79525666,way,lille,50.6169454965931,3.1577423568228817,roof_tiles,tuile_terre_cuite
85101987,way,lille,50.63352619584952,3.1004482283392374,roof_tiles,tuile_terre_cuite
85100880,way,lille,50.632304205388,3.100149121648892,roof_tiles,tuile_terre_cuite
74641543,way,lille,50.671519782753656,3.087519856623007,roof_tiles,tuile_terre_cuite
85094877,way,lille,50.63069704171888,3.1016349062062445,roof_tiles,tuile_terre_cuite
74652830,way,lille,50.671311815911885,3.085590617517376,roof_tiles,tuile_terre_cuite
85095629,way,lille,50.633675325328085,3.1052559698306617,roof_tiles,tuile_terre_cuite
42507280,way,lille,50.63857523004071,3.054048844649036,roof_tiles,tuile_terre_cuite
74636581,way,lille,50.66962927044117,3.0852261327566803,roof_tiles,tuile_terre_cuite
85092768,way,lille,50.62991832535273,3.101415829882195,roof_tiles,tuile_terre_cuite
85096070,way,lille,50.63248127317598,3.100158238660625,roof_tiles,tuile_terre_cuite
85097033,way,lille,50.63154966420157,3.1042095964922667,roof_tiles,tuile_terre_cuite
85093790,way,lille,50.62833787711156,3.102313315482187,roof_tiles,tuile_terre_cuite
42423641,way,lille,50.63757409457169,3.053397242194282,roof_tiles,tuile_terre_cuite
74644822,way,lille,50.67079439181954,3.084825947189988,roof_tiles,tuile_terre_cuite
74640567,way,lille,50.67305766113627,3.0895205082422703,roof_tiles,tuile_terre_cuite
85092533,way,lille,50.63241029081546,3.096771313776813,roof_tiles,tuile_terre_cuite
485320891,way,lyon,45.68253407194584,4.953546827210723,roof_tiles,tuile_terre_cuite
78084533,way,lyon,45.65247421133505,4.894780668629123,roof_tiles,tuile_terre_cuite
125690949,way,lyon,45.76152912990639,4.820401841498609,roof_tiles,tuile_terre_cuite
498825252,way,lyon,45.790847618268806,4.990806894441305,roof_tiles,tuile_terre_cuite
1276646,way,lyon,45.77341044802657,4.824594350857515,roof_tiles,tuile_terre_cuite
128348151,way,lyon,45.84308790295277,4.829071022984015,roof_tiles,tuile_terre_cuite
85684674,way,lyon,45.77368578188016,4.822743594551137,roof_tiles,tuile_terre_cuite
78562493,way,lyon,45.63677981020179,4.840763940314999,roof_tiles,tuile_terre_cuite
971546,way,lyon,45.75789049113378,4.845366433405315,roof_tiles,tuile_terre_cuite
932288473,way,lyon,45.79178215,4.99144215,roof_tiles,tuile_terre_cuite
128348285,way,lyon,45.84494315601271,4.828508496437531,roof_tiles,tuile_terre_cuite
76138193,way,lyon,45.65802781287292,4.903117604419856,roof_tiles,tuile_terre_cuite
85684688,way,lyon,45.77365619312943,4.822614079561659,roof_tiles,tuile_terre_cuite
776718270,way,lyon,45.82669785,4.9815472,roof_tiles,tuile_terre_cuite
84810104,way,lyon,45.76008060600631,4.878735211641963,roof_tiles,tuile_terre_cuite
76138808,way,lyon,45.66916915,4.898196200000001,roof_tiles,tuile_terre_cuite
1528624195,way,lyon,45.83828606581203,4.823765076399829,roof_tiles,tuile_terre_cuite
85022853,way,lyon,45.775870993682695,4.872036825606446,roof_tiles,tuile_terre_cuite
62904805,way,lyon,45.83444150471819,4.848367152947483,roof_tiles,tuile_terre_cuite
84810057,way,lyon,45.7601273550174,4.880026030859993,roof_tiles,tuile_terre_cuite
62279021,way,lyon,45.75753648104798,4.844311231840874,roof_tiles,tuile_terre_cuite
84810795,way,lyon,45.75786356245583,4.879389837086567,roof_tiles,tuile_terre_cuite
62347429,way,lyon,45.7307678330083,4.860930909210877,roof_tiles,tuile_terre_cuite
972499070,way,lyon,45.82324387706335,4.669484842817206,roof_tiles,tuile_terre_cuite
79136368,way,lyon,45.68231771164027,4.953057045846157,roof_tiles,tuile_terre_cuite
84589765,way,lyon,45.75923949365508,4.876589454384082,roof_tiles,tuile_terre_cuite
62902757,way,lyon,45.8345508970585,4.847865741424664,roof_tiles,tuile_terre_cuite
485320877,way,lyon,45.68264897317146,4.952446088227608,roof_tiles,tuile_terre_cuite
972499099,way,lyon,45.823223955561225,4.669860693799292,roof_tiles,tuile_terre_cuite
62352020,way,lyon,45.73100767932659,4.86151628382227,roof_tiles,tuile_terre_cuite
498825232,way,lyon,45.79164785,4.990779250000001,roof_tiles,tuile_terre_cuite
485320878,way,lyon,45.682692920711794,4.952776456249418,roof_tiles,tuile_terre_cuite
84810891,way,lyon,45.76037992288273,4.878931173629762,roof_tiles,tuile_terre_cuite
972499082,way,lyon,45.823558503876896,4.66967932445647,roof_tiles,tuile_terre_cuite
485320895,way,lyon,45.68260194828127,4.9533314732343605,roof_tiles,tuile_terre_cuite
62903489,way,lyon,45.83508358010891,4.847320579841075,roof_tiles,tuile_terre_cuite
85158584,way,lyon,45.77437591194225,4.8256616675361945,roof_tiles,tuile_terre_cuite
79135273,way,lyon,45.68246680577518,4.952713861216623,roof_tiles,tuile_terre_cuite
62349140,way,lyon,45.731144374222986,4.861464466716689,roof_tiles,tuile_terre_cuite
130460752,way,lyon,45.82304233860605,4.669079297076145,roof_tiles,tuile_terre_cuite
130466319,way,lyon,45.82303697378767,4.669013423765836,roof_tiles,tuile_terre_cuite
84589672,way,lyon,45.76456086609207,4.876559765773784,roof_tiles,tuile_terre_cuite
85765780,way,lyon,45.77414479850348,4.822591214179393,roof_tiles,tuile_terre_cuite
78560873,way,lyon,45.63591249914628,4.840618389172236,roof_tiles,tuile_terre_cuite
84810084,way,lyon,45.75973479561993,4.879328461320227,roof_tiles,tuile_terre_cuite
62347715,way,lyon,45.74327621305314,4.873670044419088,roof_tiles,tuile_terre_cuite
84810157,way,lyon,45.76267167808286,4.877779015674979,roof_tiles,tuile_terre_cuite
483069775,way,lyon,45.68543713237241,4.955181164466556,roof_tiles,tuile_terre_cuite
76141066,way,lyon,45.66942876699053,4.897839244022967,roof_tiles,tuile_terre_cuite
91874980,way,lyon,45.77442783736944,4.821933817224668,roof_tiles,tuile_terre_cuite
498825244,way,lyon,45.79080795,4.990100149999998,roof_tiles,tuile_terre_cuite
62309089,way,lyon,45.76389822769969,4.869519882781964,roof_tiles,tuile_terre_cuite
498825239,way,lyon,45.79058439999999,4.990644449999999,roof_tiles,tuile_terre_cuite
83944190,way,lyon,45.68472178838925,4.955731090434363,roof_tiles,tuile_terre_cuite
44819500,way,lyon,45.7416241000204,4.830339325465882,roof_tiles,tuile_terre_cuite
62342262,way,lyon,45.74636181039554,4.873845950617659,roof_tiles,tuile_terre_cuite
128347353,way,lyon,45.85328834078747,4.830057097159474,roof_tiles,tuile_terre_cuite
128348063,way,lyon,45.84493557235606,4.828717200068341,roof_tiles,tuile_terre_cuite
62899572,way,lyon,45.834403640942334,4.848422593626996,roof_tiles,tuile_terre_cuite
85684677,way,lyon,45.77356275591232,4.822322212247002,roof_tiles,tuile_terre_cuite
130466789,way,lyon,45.82303452625746,4.669455947444026,roof_tiles,tuile_terre_cuite
78564949,way,lyon,45.63604875752812,4.841060572913426,roof_tiles,tuile_terre_cuite
130464736,way,lyon,45.82251714014598,4.665531879416059,roof_tiles,tuile_terre_cuite
128347814,way,lyon,45.84549782066812,4.82869595123707,roof_tiles,tuile_terre_cuite
128347676,way,lyon,45.849545500000005,4.8326525,roof_tiles,tuile_terre_cuite
498825230,way,lyon,45.79139620660644,4.991736173562528,roof_tiles,tuile_terre_cuite
62346305,way,lyon,45.7308772690708,4.859531332563238,roof_tiles,tuile_terre_cuite
485320892,way,lyon,45.68259505,4.9536058,roof_tiles,tuile_terre_cuite
972499074,way,lyon,45.82324737083854,4.6690907099785655,roof_tiles,tuile_terre_cuite
80469489,way,lyon,45.73040227539593,4.858328559811034,roof_tiles,tuile_terre_cuite
62349905,way,lyon,45.73173337627587,4.859879362408723,roof_tiles,tuile_terre_cuite
84810366,way,lyon,45.76384837681404,4.878320028074655,roof_tiles,tuile_terre_cuite
972499073,way,lyon,45.82327276313572,4.669025856053176,roof_tiles,tuile_terre_cuite
972499069,way,lyon,45.82326382403648,4.669354040492528,roof_tiles,tuile_terre_cuite
130460155,way,lyon,45.82333375840133,4.663243547315915,roof_tiles,tuile_terre_cuite
83943855,way,lyon,45.68464878276182,4.955229696004683,roof_tiles,tuile_terre_cuite
128770525,way,lyon,45.846717372713286,4.734426373026727,roof_tiles,tuile_terre_cuite
62345276,way,lyon,45.731617163121285,4.85976157127947,roof_tiles,tuile_terre_cuite
62350086,way,lyon,45.7308461144328,4.861063643050922,roof_tiles,tuile_terre_cuite
78564000,way,lyon,45.63689237842207,4.840840216876691,roof_tiles,tuile_terre_cuite
87140908,way,lyon,45.7729964929521,4.832601228192302,roof_tiles,tuile_terre_cuite
82259764,way,lyon,45.75508459783416,4.830641573519753,roof_tiles,tuile_terre_cuite
1052467693,way,lyon,45.79029059648315,4.990470728614662,roof_tiles,tuile_terre_cuite
62899648,way,lyon,45.83503586555631,4.847306597423381,roof_tiles,tuile_terre_cuite
84590134,way,lyon,45.76493055379005,4.877072385263506,roof_tiles,tuile_terre_cuite
62346092,way,lyon,45.74322820975444,4.874126295078336,roof_tiles,tuile_terre_cuite
62337152,way,lyon,45.74620953979967,4.873784650767461,roof_tiles,tuile_terre_cuite
62900799,way,lyon,45.83464266454832,4.848069043455151,roof_tiles,tuile_terre_cuite
91875003,way,lyon,45.7740401211388,4.821770039382239,roof_tiles,tuile_terre_cuite
128347859,way,lyon,45.84540359117212,4.828751160947383,roof_tiles,tuile_terre_cuite
298779668,way,lyon,45.75416788831218,4.87166595672156,roof_tiles,tuile_terre_cuite
85765790,way,lyon,45.77377254955779,4.822151286314269,roof_tiles,tuile_terre_cuite
91874865,way,lyon,45.77389096490262,4.8216914145711085,roof_tiles,tuile_terre_cuite
77369714,way,montpellier,43.52458026038353,3.9200042272456574,roof_tiles,tuile_terre_cuite
109895718,way,montpellier,43.56998013320575,3.827799700305471,roof_tiles,tuile_terre_cuite
109895632,way,montpellier,43.57047623490397,3.8276450446993646,roof_tiles,tuile_terre_cuite
82417172,way,montpellier,43.59208200702146,3.9184639462880986,roof_tiles,tuile_terre_cuite
77374598,way,montpellier,43.52588592601074,3.920893752120796,roof_tiles,tuile_terre_cuite
1136574138,way,montpellier,43.57074146391039,3.8278449348225054,roof_tiles,tuile_terre_cuite
3697410,way,montpellier,43.61343298912529,3.876275052713236,roof_tiles,tuile_terre_cuite
77374614,way,montpellier,43.52946611902485,3.928133512182981,roof_tiles,tuile_terre_cuite
76169163,way,montpellier,43.59340752897885,3.9074190679173455,roof_tiles,tuile_terre_cuite
48980235,way,montpellier,43.62031300490444,3.8770719458852008,roof_tiles,tuile_terre_cuite
76170243,way,montpellier,43.59531251480341,3.913823878258981,roof_tiles,tuile_terre_cuite
77370273,way,montpellier,43.52818474669594,3.930880435924096,roof_tiles,tuile_terre_cuite
656185737,way,montpellier,43.62034393449914,3.878291637027433,roof_tiles,tuile_terre_cuite
1136574140,way,montpellier,43.57066859353667,3.8278155033611534,roof_tiles,tuile_terre_cuite
249363887,way,montpellier,43.62902706108066,3.804285125387792,roof_tiles,tuile_terre_cuite
75247254,way,montpellier,43.61208248873854,3.884876943394521,roof_tiles,tuile_terre_cuite
400432740,way,montpellier,43.57040079701107,3.828044016592513,roof_tiles,tuile_terre_cuite
77371203,way,montpellier,43.524674770414734,3.920269584486468,roof_tiles,tuile_terre_cuite
76169494,way,montpellier,43.59460053896608,3.914750095298525,roof_tiles,tuile_terre_cuite
77368721,way,montpellier,43.52587795057805,3.9208470895014527,roof_tiles,tuile_terre_cuite
1253794590,way,montpellier,43.52480097669789,3.920138077542085,roof_tiles,tuile_terre_cuite
82893771,way,montpellier,43.64621118578275,3.829635257299557,roof_tiles,tuile_terre_cuite
77367191,way,montpellier,43.52591349951172,3.920799980399682,roof_tiles,tuile_terre_cuite
249362718,way,montpellier,43.62383955608825,3.79764064457884,roof_tiles,tuile_terre_cuite
77374569,way,montpellier,43.52949567529312,3.927893039493258,roof_tiles,tuile_terre_cuite
109899490,way,montpellier,43.570121539899056,3.827346958750671,roof_tiles,tuile_terre_cuite
76169914,way,montpellier,43.59297703519133,3.908289103821912,roof_tiles,tuile_terre_cuite
77374101,way,montpellier,43.52768943907867,3.9273477077241616,roof_tiles,tuile_terre_cuite
77373310,way,montpellier,43.5244306556468,3.919781853796362,roof_tiles,tuile_terre_cuite
75844773,way,montpellier,43.601693167322985,3.860430341467759,roof_tiles,tuile_terre_cuite
656185733,way,montpellier,43.6201155418216,3.878572748256456,roof_tiles,tuile_terre_cuite
76169272,way,montpellier,43.60572550186472,3.898992471235706,roof_tiles,tuile_terre_cuite
1228647,way,montpellier,43.61097086084683,3.87735153427383,roof_tiles,tuile_terre_cuite
282872599,way,montpellier,43.60249458170493,3.862640304913272,roof_tiles,tuile_terre_cuite
77369315,way,montpellier,43.5247711256474,3.920504915885051,roof_tiles,tuile_terre_cuite
400432702,way,montpellier,43.57027694144163,3.827954306252716,roof_tiles,tuile_terre_cuite
75247328,way,montpellier,43.612447335425486,3.887197214291704,roof_tiles,tuile_terre_cuite
109894185,way,montpellier,43.569803219449206,3.8276390763341337,roof_tiles,tuile_terre_cuite
95819955,way,montpellier,43.58257019104599,3.763877541880004,roof_tiles,tuile_terre_cuite
77372836,way,montpellier,43.524740037806026,3.920256909955941,roof_tiles,tuile_terre_cuite
77372189,way,montpellier,43.52454183690424,3.9199992585789696,roof_tiles,tuile_terre_cuite
76170053,way,montpellier,43.59292137478333,3.90834795452976,roof_tiles,tuile_terre_cuite
109896738,way,montpellier,43.569593959698445,3.82677024338351,roof_tiles,tuile_terre_cuite
77372105,way,montpellier,43.52465358616306,3.920169228389614,roof_tiles,tuile_terre_cuite
75841086,way,montpellier,43.60254502979727,3.8610103857104927,roof_tiles,tuile_terre_cuite
77374371,way,montpellier,43.52819132160805,3.92912840170152,roof_tiles,tuile_terre_cuite
109897483,way,montpellier,43.570005650867806,3.827237779490865,roof_tiles,tuile_terre_cuite
109897604,way,montpellier,43.570078075226895,3.82783274810786,roof_tiles,tuile_terre_cuite
77369032,way,montpellier,43.52955568279656,3.9277846180152607,roof_tiles,tuile_terre_cuite
76170375,way,montpellier,43.59432297857602,3.915397258919168,roof_tiles,tuile_terre_cuite
656185732,way,montpellier,43.62056559873368,3.8780007633406286,roof_tiles,tuile_terre_cuite
77368362,way,montpellier,43.52621276861765,3.923560794811944,roof_tiles,tuile_terre_cuite
109899500,way,montpellier,43.56981144835285,3.8269410304187264,roof_tiles,tuile_terre_cuite
77375110,way,montpellier,43.527541179692165,3.926764072192494,roof_tiles,tuile_terre_cuite
76169577,way,montpellier,43.59425909480108,3.915247921825405,roof_tiles,tuile_terre_cuite
77368314,way,montpellier,43.529407032306736,3.928302871147309,roof_tiles,tuile_terre_cuite
75247249,way,montpellier,43.61104142733286,3.885046327407948,roof_tiles,tuile_terre_cuite
76170207,way,montpellier,43.59525241885341,3.914056920958049,roof_tiles,tuile_terre_cuite
77372511,way,montpellier,43.5262918450792,3.92378416864397,roof_tiles,tuile_terre_cuite
75844542,way,montpellier,43.60077935976204,3.861539620261959,roof_tiles,tuile_terre_cuite
656185729,way,montpellier,43.62015581101996,3.877741315179316,roof_tiles,tuile_terre_cuite
75320919,way,montpellier,43.61212765413736,3.872582708274793,roof_tiles,tuile_terre_cuite
109896749,way,montpellier,43.56920635540524,3.828233947549544,roof_tiles,tuile_terre_cuite
77372289,way,montpellier,43.52845032831053,3.927256977736077,roof_tiles,tuile_terre_cuite
1126505920,way,montpellier,43.54559092528915,3.981830566825354,roof_tiles,tuile_terre_cuite
656185731,way,montpellier,43.61995570473472,3.8780128580102384,roof_tiles,tuile_terre_cuite
82417239,way,montpellier,43.59177842819014,3.918730960605229,roof_tiles,tuile_terre_cuite
77375328,way,montpellier,43.52634098205296,3.923894247689689,roof_tiles,tuile_terre_cuite
109898224,way,montpellier,43.56957415677192,3.827430050377091,roof_tiles,tuile_terre_cuite
77374611,way,montpellier,43.52532558728225,3.920807737394886,roof_tiles,tuile_terre_cuite
1308091601,way,montpellier,43.570412761468944,3.827602110113393,roof_tiles,tuile_terre_cuite
109891097,way,montpellier,43.56924581329616,3.828193634366923,roof_tiles,tuile_terre_cuite
1312154501,way,montpellier,43.5929940071355,3.908351364246664,roof_tiles,tuile_terre_cuite
1136574142,way,montpellier,43.57076090000001,3.8277892,roof_tiles,tuile_terre_cuite
77373321,way,montpellier,43.52465747376738,3.920317347978168,roof_tiles,tuile_terre_cuite
109888814,way,montpellier,43.57050747243756,3.827690136950904,roof_tiles,tuile_terre_cuite
77374882,way,montpellier,43.526433030131656,3.9241110724260544,roof_tiles,tuile_terre_cuite
1124198595,way,montpellier,43.56954069502512,3.827578377096073,roof_tiles,tuile_terre_cuite
99853077,way,montpellier,43.671794991893854,3.854701023764087,roof_tiles,tuile_terre_cuite
109900211,way,montpellier,43.56893576353402,3.828017135169413,roof_tiles,tuile_terre_cuite
77371168,way,montpellier,43.52451707570971,3.921322053770498,roof_tiles,tuile_terre_cuite
1236568082,way,montpellier,43.59196665478361,3.918931721127085,roof_tiles,tuile_terre_cuite
109889283,way,montpellier,43.569377964804325,3.8278090982995976,roof_tiles,tuile_terre_cuite
109894897,way,montpellier,43.56943168821065,3.8276757218432063,roof_tiles,tuile_terre_cuite
656185736,way,montpellier,43.62074105,3.8785105,roof_tiles,tuile_terre_cuite
77372449,way,montpellier,43.52638827927474,3.923997001625321,roof_tiles,tuile_terre_cuite
77369555,way,montpellier,43.52828159037672,3.9287320695215295,roof_tiles,tuile_terre_cuite
656185734,way,montpellier,43.62043751653317,3.878420446105857,roof_tiles,tuile_terre_cuite
1050398831,way,nantes,47.18317939969052,-1.4520870392291998,roof_tiles,tuile_terre_cuite
83941953,way,nantes,47.22347443351466,-1.5401212399468025,roof_tiles,tuile_terre_cuite
82637286,way,nantes,47.24042719248231,-1.524015286840468,roof_tiles,tuile_terre_cuite
96748791,way,nantes,47.20235869951992,-1.6001307335229364,roof_tiles,tuile_terre_cuite
96748466,way,nantes,47.20232344614804,-1.5999770409669103,roof_tiles,tuile_terre_cuite
83942144,way,nantes,47.22370176933219,-1.538669922974913,roof_tiles,tuile_terre_cuite
85946999,way,nantes,47.22442119479816,-1.5784246342042894,roof_tiles,tuile_terre_cuite
83940354,way,nantes,47.22387754242609,-1.537987115564751,roof_tiles,tuile_terre_cuite
85678753,way,nantes,47.22640935935408,-1.5792090532747385,roof_tiles,tuile_terre_cuite
85679456,way,nantes,47.22765189561285,-1.5783444359375371,roof_tiles,tuile_terre_cuite
134952630,way,nantes,47.209827659782654,-1.6184872218147577,roof_tiles,tuile_terre_cuite
83941612,way,nantes,47.22355715256929,-1.5388391218236035,roof_tiles,tuile_terre_cuite
82638216,way,nantes,47.23969741490099,-1.5269864034641882,roof_tiles,tuile_terre_cuite
85678774,way,nantes,47.2268952,-1.5795023,roof_tiles,tuile_terre_cuite
96755791,way,nantes,47.20044016772532,-1.6013231930360463,roof_tiles,tuile_terre_cuite
82637613,way,nantes,47.23960720143242,-1.5246801632137172,roof_tiles,tuile_terre_cuite
96752382,way,nantes,47.20185300466795,-1.60014686915594,roof_tiles,tuile_terre_cuite
83941568,way,nantes,47.22453775581204,-1.5391993453916937,roof_tiles,tuile_terre_cuite
77409886,way,nantes,47.09801520788047,-1.5313247927624387,roof_tiles,tuile_terre_cuite
85947688,way,nantes,47.22372476661628,-1.5783478212036737,roof_tiles,tuile_terre_cuite
83942106,way,nantes,47.22037101025423,-1.5383110927910666,roof_tiles,tuile_terre_cuite
82637232,way,nantes,47.24407468286485,-1.5253411893244386,roof_tiles,tuile_terre_cuite
45334121,way,nantes,47.22284507193744,-1.536851161689686,roof_tiles,tuile_terre_cuite
336965271,way,nantes,47.19308499949503,-1.529237637689234,roof_tiles,tuile_terre_cuite
74542363,way,nantes,47.19241838207781,-1.5284222651889032,roof_tiles,tuile_terre_cuite
82972622,way,nantes,47.23909471935612,-1.540185568288678,roof_tiles,tuile_terre_cuite
74541008,way,nantes,47.196306430948674,-1.5395609589542312,roof_tiles,tuile_terre_cuite
74542085,way,nantes,47.1953588240496,-1.5348375401041725,roof_tiles,tuile_terre_cuite
85945559,way,nantes,47.22499992221184,-1.578233050427793,roof_tiles,tuile_terre_cuite
74537106,way,nantes,47.19563050317221,-1.5340458061268143,roof_tiles,tuile_terre_cuite
82638778,way,nantes,47.240215790126776,-1.5245288484798425,roof_tiles,tuile_terre_cuite
82636772,way,nantes,47.240726552501386,-1.5238728610036534,roof_tiles,tuile_terre_cuite
74543133,way,nantes,47.19433548308319,-1.5351843007514605,roof_tiles,tuile_terre_cuite
83941450,way,nantes,47.22169831677318,-1.5339374145684532,roof_tiles,tuile_terre_cuite
74543008,way,nantes,47.19473531767846,-1.5352355254739822,roof_tiles,tuile_terre_cuite
85440747,way,nantes,47.21991033994516,-1.540251060311976,roof_tiles,tuile_terre_cuite
96755772,way,nantes,47.20069794584793,-1.6009067291397538,roof_tiles,tuile_terre_cuite
164749910,way,nantes,47.2944894743103,-1.3918153244748164,roof_tiles,tuile_terre_cuite
96752060,way,nantes,47.20193233052848,-1.6001355090786986,roof_tiles,tuile_terre_cuite
134953587,way,nantes,47.209470434014726,-1.6185650606037922,roof_tiles,tuile_terre_cuite
83941418,way,nantes,47.22445736809394,-1.5391376663454253,roof_tiles,tuile_terre_cuite
83940774,way,nantes,47.22262878173285,-1.5355940577245095,roof_tiles,tuile_terre_cuite
83941009,way,nantes,47.224731673954444,-1.5378974560010576,roof_tiles,tuile_terre_cuite
74078492,way,nantes,47.18359612051702,-1.4524085351288918,roof_tiles,tuile_terre_cuite
85947863,way,nantes,47.223333625570525,-1.5735544951617866,roof_tiles,tuile_terre_cuite
939430513,way,nantes,47.30814400775517,-1.4682423294447031,roof_tiles,tuile_terre_cuite
74077296,way,nantes,47.1835427,-1.45240315,roof_tiles,tuile_terre_cuite
134953726,way,nantes,47.2101144244826,-1.61882353456627,roof_tiles,tuile_terre_cuite
85677757,way,nantes,47.22868340333442,-1.5783546538886577,roof_tiles,tuile_terre_cuite
83190376,way,nantes,47.236151322803664,-1.5444739056265149,roof_tiles,tuile_terre_cuite
96755569,way,nantes,47.20242627967885,-1.6007902791464967,roof_tiles,tuile_terre_cuite
85946315,way,nantes,47.22466767473805,-1.579270163384426,roof_tiles,tuile_terre_cuite
85678436,way,nantes,47.22839211443006,-1.579539081028244,roof_tiles,tuile_terre_cuite
83940191,way,nantes,47.221494725529936,-1.5342141318314142,roof_tiles,tuile_terre_cuite
83941479,way,nantes,47.222665695263295,-1.5344988054180613,roof_tiles,tuile_terre_cuite
83941837,way,nantes,47.223892268611095,-1.5391981048034458,roof_tiles,tuile_terre_cuite
85677586,way,nantes,47.2275076245224,-1.579220377477068,roof_tiles,tuile_terre_cuite
74542756,way,nantes,47.19462603722548,-1.5338157785325066,roof_tiles,tuile_terre_cuite
85945596,way,nantes,47.22550232948046,-1.5795847632786304,roof_tiles,tuile_terre_cuite
84710173,way,nantes,47.19676878735849,-1.555900563924989,roof_tiles,tuile_terre_cuite
74543157,way,nantes,47.1957319281074,-1.538198426845934,roof_tiles,tuile_terre_cuite
83941674,way,nantes,47.22678504357472,-1.5422192421348295,roof_tiles,tuile_terre_cuite
74537599,way,nantes,47.19447576470454,-1.5351102965075294,roof_tiles,tuile_terre_cuite
74542530,way,nantes,47.195949708264486,-1.5387905990180306,roof_tiles,tuile_terre_cuite
96756093,way,nantes,47.200311428645705,-1.6023245764826797,roof_tiles,tuile_terre_cuite
96755866,way,nantes,47.20074302975811,-1.602627174854813,roof_tiles,tuile_terre_cuite
85947468,way,nantes,47.22543574937465,-1.579268350547465,roof_tiles,tuile_terre_cuite
74542617,way,nantes,47.19541926444169,-1.53419658790067,roof_tiles,tuile_terre_cuite
74538507,way,nantes,47.19385536744724,-1.531524767698507,roof_tiles,tuile_terre_cuite
74542697,way,nantes,47.19430300666053,-1.5328785507313547,roof_tiles,tuile_terre_cuite
96756224,way,nantes,47.20055192243249,-1.6016895106995468,roof_tiles,tuile_terre_cuite
82972855,way,nantes,47.239216807747134,-1.5404373461996927,roof_tiles,tuile_terre_cuite
96748588,way,nantes,47.20237288962145,-1.6002859709863968,roof_tiles,tuile_terre_cuite
96748606,way,nantes,47.20228652439554,-1.5997669530458585,roof_tiles,tuile_terre_cuite
82638551,way,nantes,47.23974781981109,-1.5269666902250036,roof_tiles,tuile_terre_cuite
74541547,way,nantes,47.19404627017229,-1.5324606142508783,roof_tiles,tuile_terre_cuite
82638220,way,nantes,47.23992268381311,-1.5245988633069962,roof_tiles,tuile_terre_cuite
85946933,way,nantes,47.224309429902895,-1.5779185478138325,roof_tiles,tuile_terre_cuite
83941757,way,nantes,47.22075747106516,-1.5395442464274784,roof_tiles,tuile_terre_cuite
96755610,way,nantes,47.20020346200396,-1.601635623293184,roof_tiles,tuile_terre_cuite
74079002,way,nantes,47.18301974106791,-1.4523112953879491,roof_tiles,tuile_terre_cuite
83941124,way,nantes,47.2241173428628,-1.537991537532145,roof_tiles,tuile_terre_cuite
83940597,way,nantes,47.22066534665857,-1.5320619103906568,roof_tiles,tuile_terre_cuite
85530775,way,nantes,47.22716804440277,-1.5710945638487854,roof_tiles,tuile_terre_cuite
74542761,way,nantes,47.19437663846477,-1.5330170458629702,roof_tiles,tuile_terre_cuite
96748485,way,nantes,47.20257018824791,-1.5996864655421066,roof_tiles,tuile_terre_cuite
1365780651,way,nantes,47.21147787777436,-1.5422807493384472,roof_tiles,tuile_terre_cuite
96755606,way,nantes,47.20091011590434,-1.6031257179232956,roof_tiles,tuile_terre_cuite
85947330,way,nantes,47.2252239467248,-1.5793531792673563,roof_tiles,tuile_terre_cuite
85677441,way,nantes,47.22696324116921,-1.5789831549964988,roof_tiles,tuile_terre_cuite
74536292,way,nantes,47.19494476912559,-1.5350462648277374,roof_tiles,tuile_terre_cuite
74542658,way,nantes,47.19425004588276,-1.5327690709898372,roof_tiles,tuile_terre_cuite
74539514,way,nantes,47.19674367696554,-1.539921871649457,roof_tiles,tuile_terre_cuite
76143112,way,paris,48.880677240312295,2.205407685305975,roof_tiles,tuile_terre_cuite
72273361,way,paris,48.87829671043856,2.2015956521922035,roof_tiles,tuile_terre_cuite
104213494,way,paris,48.884255,2.1994995000000035,roof_tiles,tuile_terre_cuite
124243397,way,paris,48.78232873817371,2.34008208990175,roof_tiles,tuile_terre_cuite
55760353,way,paris,48.89719598204065,2.204593947733053,roof_tiles,tuile_terre_cuite
71910040,way,paris,48.87960766866347,2.186026672085461,tiles,tuile_terre_cuite
149276115,way,paris,48.82248822988047,2.414724107780132,roof_tiles,tuile_terre_cuite
55313145,way,paris,48.89612390771037,2.2026205103824346,roof_tiles,tuile_terre_cuite
104212611,way,paris,48.897890794366205,2.2051607201877945,roof_tiles,tuile_terre_cuite
55313205,way,paris,48.89604459248736,2.202751213969305,roof_tiles,tuile_terre_cuite
51363762,way,paris,48.89012271052128,2.1970186738012174,roof_tiles,tuile_terre_cuite
55047726,way,paris,48.88865600650004,2.194829402703682,roof_tiles,tuile_terre_cuite
55905040,way,paris,48.89723382265466,2.202863462942617,roof_tiles,tuile_terre_cuite
54187720,way,paris,48.8925640344148,2.1912536499989783,roof_tiles,tuile_terre_cuite
68674366,way,paris,48.88513014638152,2.2177737036657765,roof_tiles,tuile_terre_cuite
63653174,way,paris,48.79993342874184,2.326063005459344,roof_tiles,tuile_terre_cuite
55974222,way,paris,48.89832527346552,2.1938139534182786,roof_tiles,tuile_terre_cuite
70000427,way,paris,48.8740755052157,2.3877156394022765,roof_tiles,tuile_terre_cuite
85056539,way,paris,48.81977583260102,2.4706999849531845,roof_tiles,tuile_terre_cuite
76143325,way,paris,48.87951978813639,2.2054324796413587,roof_tiles,tuile_terre_cuite
53255351,way,paris,48.90292658102518,2.1952714197674275,roof_tiles,tuile_terre_cuite
56267856,way,paris,48.88472701480956,2.191527888912405,roof_tiles,tuile_terre_cuite
143504482,way,paris,48.75939552680165,2.3973061865068552,roof_tiles,tuile_terre_cuite
63653601,way,paris,48.80060868286122,2.326435377116346,roof_tiles,tuile_terre_cuite
55991896,way,paris,48.89438782034368,2.200934366287645,roof_tiles,tuile_terre_cuite
67967010,way,paris,48.89263322666633,2.201531354790127,roof_tiles,tuile_terre_cuite
58710339,way,paris,48.89340758944584,2.199220317541609,roof_tiles,tuile_terre_cuite
104212988,way,paris,48.886259639347685,2.191270177690804,roof_tiles,tuile_terre_cuite
63656638,way,paris,48.79313520012385,2.323777059787751,roof_tiles,tuile_terre_cuite
54395744,way,paris,48.892077467367166,2.1989429269231486,roof_tiles,tuile_terre_cuite
1049331341,way,paris,48.894128903825006,2.4299792652619465,tile,tuile_terre_cuite
63655689,way,paris,48.79133941869796,2.324630044712717,roof_tiles,tuile_terre_cuite
1268092926,way,paris,48.75379965301888,2.296771170458016,roof_tiles,tuile_terre_cuite
76143632,way,paris,48.87972863178421,2.204372172869955,roof_tiles,tuile_terre_cuite
61308459,way,paris,48.80496295960051,2.3295265347249274,roof_tiles,tuile_terre_cuite
71425431,way,paris,48.88817256428761,2.1837663819282733,roof_tiles,tuile_terre_cuite
49456759,way,paris,48.89805402990801,2.193667404038294,roof_tiles,tuile_terre_cuite
53255374,way,paris,48.90333108047132,2.1948447134048523,roof_tiles,tuile_terre_cuite
175451164,way,paris,48.80325709525231,2.4835030666902145,roof_tiles,tuile_terre_cuite
55253253,way,paris,48.89094273931109,2.1943958993898085,roof_tiles,tuile_terre_cuite
76143783,way,paris,48.880075709908574,2.20537988797821,roof_tiles,tuile_terre_cuite
51363757,way,paris,48.89027385735802,2.196388975553509,roof_tiles,tuile_terre_cuite
54449230,way,paris,48.893743703679206,2.197718278196505,roof_tiles,tuile_terre_cuite
76144612,way,paris,48.87735653940506,2.2096885152178007,roof_tiles,tuile_terre_cuite
70147249,way,paris,48.86202687527136,2.3989416418737086,roof_tiles,tuile_terre_cuite
76143770,way,paris,48.87926887284328,2.206632799005299,roof_tiles,tuile_terre_cuite
144172490,way,paris,48.87765795567103,2.4798775873150767,roof_tiles,tuile_terre_cuite
74493424,way,paris,48.824898337965976,2.2467768438204607,roof_tiles,tuile_terre_cuite
85057277,way,paris,48.81913653670779,2.470987043770701,roof_tiles,tuile_terre_cuite
54395766,way,paris,48.89158865203758,2.1994874523125296,roof_tiles,tuile_terre_cuite
63654619,way,paris,48.79104495843482,2.327465218632523,roof_tiles,tuile_terre_cuite
104212020,way,paris,48.89580143188296,2.188071772682558,roof_tiles,tuile_terre_cuite
68671290,way,paris,48.88559697858219,2.2177624437874486,roof_tiles,tuile_terre_cuite
245064452,way,paris,48.85043554512507,2.2883482242943063,roof_tiles,tuile_terre_cuite
1079005,way,paris,48.84992410248033,2.321711221375748,roof_tiles,tuile_terre_cuite
55991808,way,paris,48.896335229072896,2.2018320999766305,roof_tiles,tuile_terre_cuite
180595315,way,paris,48.8431889664737,2.4363578247278435,roof_tiles,tuile_terre_cuite
76143958,way,paris,48.88041069755679,2.205811633280564,roof_tiles,tuile_terre_cuite
1420757079,way,paris,48.79692909316758,2.326517270670968,roof_tiles,tuile_terre_cuite
56267830,way,paris,48.884884181481006,2.1917154484629986,roof_tiles,tuile_terre_cuite
49429314,way,paris,48.89745330855855,2.194983677634386,roof_tiles,tuile_terre_cuite
54449218,way,paris,48.89390793384916,2.197725769322319,roof_tiles,tuile_terre_cuite
63651724,way,paris,48.79120449400109,2.335891874700472,roof_tiles,tuile_terre_cuite
56267799,way,paris,48.88453111792207,2.191885238230371,roof_tiles,tuile_terre_cuite
76144075,way,paris,48.87777505337783,2.2043824946237254,roof_tiles,tuile_terre_cuite
55142407,way,paris,48.892156198691225,2.194917004485421,roof_tiles,tuile_terre_cuite
63656812,way,paris,48.78558277457946,2.3351474482099595,roof_tiles,tuile_terre_cuite
76144500,way,paris,48.87797933278862,2.208912939809796,roof_tiles,tuile_terre_cuite
443073397,way,paris,48.892517670677584,2.195990973357442,roof_tiles,tuile_terre_cuite
63654222,way,paris,48.80066465556437,2.3261973974778978,roof_tiles,tuile_terre_cuite
63652333,way,paris,48.795570601860994,2.324573779818215,roof_tiles,tuile_terre_cuite
55205401,way,paris,48.89871548854448,2.19793930389166,roof_tiles,tuile_terre_cuite
104213587,way,paris,48.88428787550614,2.199306434787568,roof_tiles,tuile_terre_cuite
55905010,way,paris,48.896815625447005,2.203317870127756,roof_tiles,tuile_terre_cuite
63652309,way,paris,48.79211370270208,2.327185684102928,roof_tiles,tuile_terre_cuite
52228343,way,paris,48.87727505621414,2.205193469596036,roof_tiles,tuile_terre_cuite
72277426,way,paris,48.87835624330938,2.201501780339186,roof_tiles,tuile_terre_cuite
67966913,way,paris,48.89316700633955,2.202097644651728,roof_tiles,tuile_terre_cuite
537119436,way,paris,48.89875413453063,2.3332145161279985,roof_tiles,tuile_terre_cuite
63655228,way,paris,48.80021124723533,2.3249427857502454,roof_tiles,tuile_terre_cuite
143506807,way,paris,48.76108159843529,2.389444576098652,roof_tiles,tuile_terre_cuite
104213601,way,paris,48.88499056871133,2.1988404103002828,roof_tiles,tuile_terre_cuite
63653925,way,paris,48.78632248464628,2.3358906501980385,roof_tiles,tuile_terre_cuite
58710390,way,paris,48.89355359550283,2.1994775551314167,roof_tiles,tuile_terre_cuite
76144363,way,paris,48.8784172477746,2.2087835139865093,roof_tiles,tuile_terre_cuite
403981063,way,paris,48.89200513261669,2.195830999636985,roof_tiles,tuile_terre_cuite
58771967,way,paris,48.89415556621136,2.199611918555298,roof_tiles,tuile_terre_cuite
49945804,way,paris,48.89823892451746,2.2063344867641224,roof_tiles,tuile_terre_cuite
52228337,way,paris,48.87694674468074,2.205066771928593,roof_tiles,tuile_terre_cuite
69999748,way,paris,48.86950469607015,2.3946135051887647,roof_tiles,tuile_terre_cuite
73840772,way,paris,48.91291434284371,2.33275915461778,roof_tiles,tuile_terre_cuite
388817180,way,paris,48.89569676264784,2.20056493898727,roof_tiles,tuile_terre_cuite
54187739,way,paris,48.89147705658747,2.1914830215063765,roof_tiles,tuile_terre_cuite
81860109,way,paris,48.86130661138058,2.439616776236844,roof_tiles,tuile_terre_cuite
175211863,way,paris,48.801305963959074,2.478157463838748,roof_tiles,tuile_terre_cuite
124361795,way,paris,48.77684828302294,2.335852245424413,roof_tiles,tuile_terre_cuite
63655582,way,paris,48.7943059428583,2.322204398694008,roof_tiles,tuile_terre_cuite
63653095,way,paris,48.79002202128149,2.333222732575835,roof_tiles,tuile_terre_cuite
73503206,way,paris,48.90338161061094,2.194754876491089,roof_tiles,tuile_terre_cuite
120428063,way,paris,48.840683618464176,2.4822587130343314,roof_tiles,tuile_terre_cuite
56691954,way,paris,48.841423108461264,2.348794162827989,roof_tiles,tuile_terre_cuite
55100175,way,paris,48.894167060221406,2.196793790621274,roof_tiles,tuile_terre_cuite
143502183,way,paris,48.76597850944633,2.3839459643818603,roof_tiles,tuile_terre_cuite
63212397,way,paris,48.87480305767463,2.3810176509017347,tiles,tuile_terre_cuite
55974223,way,paris,48.89863952209571,2.1959682142219967,roof_tiles,tuile_terre_cuite
72276632,way,paris,48.8786005386803,2.201199510956245,roof_tiles,tuile_terre_cuite
55204897,way,paris,48.898002690140245,2.1967038780776216,roof_tiles,tuile_terre_cuite
300074552,way,paris,48.83650856608526,2.2830157795729886,roof_tiles,tuile_terre_cuite
56446387,way,paris,48.89428598941818,2.2003260244902925,roof_tiles,tuile_terre_cuite
55991958,way,paris,48.8948972967978,2.202531869151164,roof_tiles,tuile_terre_cuite
67966969,way,paris,48.89323986058851,2.201992136666043,roof_tiles,tuile_terre_cuite
41664061,way,strasbourg,48.60136469917363,7.736725203632888,roof_tiles,tuile_terre_cuite
42689154,way,strasbourg,48.60806323628423,7.747813739906819,roof_tiles,tuile_terre_cuite
43203017,way,strasbourg,48.60569926815669,7.753491620559996,roof_tiles,tuile_terre_cuite
43012736,way,strasbourg,48.60307025,7.7485585,roof_tiles,tuile_terre_cuite
1503262897,way,strasbourg,48.6065068174808,7.735244922419486,roof_tiles,tuile_terre_cuite
42689454,way,strasbourg,48.609897566822646,7.746820257535546,roof_tiles,tuile_terre_cuite
43333439,way,strasbourg,48.606222424588445,7.756313441981278,roof_tiles,tuile_terre_cuite
43151973,way,strasbourg,48.6067022327854,7.753850972528594,roof_tiles,tuile_terre_cuite
42324962,way,strasbourg,48.60248780634764,7.7455168595801345,roof_tiles,tuile_terre_cuite
42689436,way,strasbourg,48.609259451079225,7.747474980866695,roof_tiles,tuile_terre_cuite
506827732,way,strasbourg,48.59749487087509,7.696028457007494,roof_tiles,tuile_terre_cuite
42827639,way,strasbourg,48.612386358409125,7.745137758777974,roof_tiles,tuile_terre_cuite
41527176,way,strasbourg,48.588952984903926,7.786304547500065,roof_tiles,tuile_terre_cuite
42917536,way,strasbourg,48.6101173667745,7.749469580183232,roof_tiles,tuile_terre_cuite
42244744,way,strasbourg,48.60290320139865,7.7360115539548655,roof_tiles,tuile_terre_cuite
42244576,way,strasbourg,48.60273423142448,7.737186880098888,roof_tiles,tuile_terre_cuite
41680507,way,strasbourg,48.599618910353485,7.739609678990934,roof_tiles,tuile_terre_cuite
41429755,way,strasbourg,48.6049665683989,7.724012626721865,roof_tiles,tuile_terre_cuite
41524637,way,strasbourg,48.58742607387904,7.782726138219874,roof_tiles,tuile_terre_cuite
42271598,way,strasbourg,48.60166730619842,7.741368571203758,roof_tiles,tuile_terre_cuite
43202917,way,strasbourg,48.60517342606471,7.753814138552621,roof_tiles,tuile_terre_cuite
42689234,way,strasbourg,48.60828540792565,7.746336452767174,roof_tiles,tuile_terre_cuite
42990677,way,strasbourg,48.604387651280334,7.749237605251537,roof_tiles,tuile_terre_cuite
42419669,way,strasbourg,48.60506526680648,7.741867901181008,roof_tiles,tuile_terre_cuite
42375109,way,strasbourg,48.60385719944765,7.739106309720808,roof_tiles,tuile_terre_cuite
42827562,way,strasbourg,48.61192464874774,7.743995650252886,roof_tiles,tuile_terre_cuite
42313220,way,strasbourg,48.60118192287152,7.742585348798159,roof_tiles,tuile_terre_cuite
42759653,way,strasbourg,48.61182650822101,7.745276449608235,roof_tiles,tuile_terre_cuite
42759677,way,strasbourg,48.61162714401773,7.7457355180775425,roof_tiles,tuile_terre_cuite
42879648,way,strasbourg,48.608244771360674,7.742964642791073,roof_tiles,tuile_terre_cuite
42762234,way,strasbourg,48.61213269757916,7.74538945041846,roof_tiles,tuile_terre_cuite
43333189,way,strasbourg,48.60771215292597,7.755256271455925,roof_tiles,tuile_terre_cuite
43203009,way,strasbourg,48.605104727827694,7.753846184584179,roof_tiles,tuile_terre_cuite
43400492,way,strasbourg,48.60420323925691,7.764347447586674,roof_tiles,tuile_terre_cuite
43105527,way,strasbourg,48.60504252029863,7.751366644995963,roof_tiles,tuile_terre_cuite
42271658,way,strasbourg,48.601219484135264,7.739434430937464,roof_tiles,tuile_terre_cuite
44819004,way,strasbourg,48.614167538582535,7.774481628106068,roof_tiles,tuile_terre_cuite
36530040,way,strasbourg,48.59747858064916,7.764234008424073,roof_tiles,tuile_terre_cuite
42827222,way,strasbourg,48.61146149099879,7.742972851000964,roof_tiles,tuile_terre_cuite
528887553,way,strasbourg,48.60851532594825,7.722271363479098,roof_tiles,tuile_terre_cuite
114647438,way,strasbourg,48.59757514234958,7.722099793524008,roof_tiles,tuile_terre_cuite
506827770,way,strasbourg,48.59682634170364,7.697005900605685,roof_tiles,tuile_terre_cuite
42755088,way,strasbourg,48.6103406564099,7.745435337881759,roof_tiles,tuile_terre_cuite
43202998,way,strasbourg,48.60487490644593,7.754063950912035,roof_tiles,tuile_terre_cuite
44818987,way,strasbourg,48.61461485099513,7.776497934346331,roof_tiles,tuile_terre_cuite
42435107,way,strasbourg,48.60527394897882,7.74180947972335,roof_tiles,tuile_terre_cuite
42925401,way,strasbourg,48.61041054977767,7.754725004549061,roof_tiles,tuile_terre_cuite
41496571,way,strasbourg,48.587430800465455,7.78505346561236,roof_tiles,tuile_terre_cuite
296992173,way,strasbourg,48.6003760172585,7.739848522718036,roof_tiles,tuile_terre_cuite
43151963,way,strasbourg,48.60738800682551,7.752660955074324,roof_tiles,tuile_terre_cuite
42925571,way,strasbourg,48.60915352755278,7.752082705032014,roof_tiles,tuile_terre_cuite
44819147,way,strasbourg,48.61384607913278,7.775404388010594,roof_tiles,tuile_terre_cuite
42827602,way,strasbourg,48.61246410341934,7.744054134655049,roof_tiles,tuile_terre_cuite
42827656,way,strasbourg,48.612517197774885,7.745616426262438,roof_tiles,tuile_terre_cuite
43400505,way,strasbourg,48.60502737058098,7.763367147894638,roof_tiles,tuile_terre_cuite
42271777,way,strasbourg,48.60271946962956,7.738576993738627,roof_tiles,tuile_terre_cuite
41753451,way,strasbourg,48.60872857081428,7.729115993274384,roof_tiles,tuile_terre_cuite
42375130,way,strasbourg,48.60358073420661,7.7427304146406035,roof_tiles,tuile_terre_cuite
42917450,way,strasbourg,48.61138264583727,7.750111649666914,roof_tiles,tuile_terre_cuite
42827307,way,strasbourg,48.61112149953171,7.743214575747562,roof_tiles,tuile_terre_cuite
41664088,way,strasbourg,48.60120588822448,7.73696871781458,roof_tiles,tuile_terre_cuite
43012696,way,strasbourg,48.60230168583235,7.746967762014427,roof_tiles,tuile_terre_cuite
42689581,way,strasbourg,48.60834861023406,7.749771421564987,roof_tiles,tuile_terre_cuite
42132866,way,strasbourg,48.60691792595839,7.737022403831262,roof_tiles,tuile_terre_cuite
41892959,way,strasbourg,48.60592191652181,7.733820913467891,roof_tiles,tuile_terre_cuite
40108716,way,strasbourg,48.58350032884546,7.742326299164772,roof_tiles,tuile_terre_cuite
506827716,way,strasbourg,48.59800417523021,7.696583622916309,roof_tiles,tuile_terre_cuite
43012860,way,strasbourg,48.60323145321138,7.74859322491888,roof_tiles,tuile_terre_cuite
43012746,way,strasbourg,48.60243253816869,7.747205194275214,roof_tiles,tuile_terre_cuite
42917438,way,strasbourg,48.61160504311341,7.748080313818922,roof_tiles,tuile_terre_cuite
42244600,way,strasbourg,48.60376044273674,7.7372176532128,roof_tiles,tuile_terre_cuite
41429572,way,strasbourg,48.60376093338117,7.72320499271706,roof_tiles,tuile_terre_cuite
43051635,way,strasbourg,48.59923109169006,7.748626696589977,roof_tiles,tuile_terre_cuite
42917348,way,strasbourg,48.610663023289,7.749922783225886,roof_tiles,tuile_terre_cuite
42917470,way,strasbourg,48.61137958288689,7.748910739886034,roof_tiles,tuile_terre_cuite
41508049,way,strasbourg,48.587812828851504,7.78428728377473,roof_tiles,tuile_terre_cuite
42313229,way,strasbourg,48.60169105253732,7.741620334111806,roof_tiles,tuile_terre_cuite
42879664,way,strasbourg,48.60885503246385,7.7439262872668335,roof_tiles,tuile_terre_cuite
41893010,way,strasbourg,48.60725470057065,7.734682099976779,roof_tiles,tuile_terre_cuite
41663964,way,strasbourg,48.60093230101423,7.736361701210022,roof_tiles,tuile_terre_cuite
506827726,way,strasbourg,48.59798943437681,7.695787313020702,roof_tiles,tuile_terre_cuite
42313230,way,strasbourg,48.60163152349566,7.741680592163465,roof_tiles,tuile_terre_cuite
42990755,way,strasbourg,48.60584256022122,7.748879302310166,roof_tiles,tuile_terre_cuite
41663953,way,strasbourg,48.60030752085873,7.737421615752101,roof_tiles,tuile_terre_cuite
42419658,way,strasbourg,48.60402244444581,7.745170923500965,roof_tiles,tuile_terre_cuite
287279836,way,strasbourg,48.57795750574752,7.760895405801473,roof_tiles,tuile_terre_cuite
41406801,way,strasbourg,48.58576650131929,7.777657280566594,roof_tiles,tuile_terre_cuite
42756725,way,strasbourg,48.61138658479838,7.746821322554241,roof_tiles,tuile_terre_cuite
42756728,way,strasbourg,48.61140247862469,7.747068209486406,roof_tiles,tuile_terre_cuite
42419700,way,strasbourg,48.60495028366165,7.741785857840864,roof_tiles,tuile_terre_cuite
41528496,way,strasbourg,48.58943773320698,7.785262426545384,roof_tiles,tuile_terre_cuite
41892888,way,strasbourg,48.606751456885526,7.735487224200348,roof_tiles,tuile_terre_cuite
42271770,way,strasbourg,48.602675575890736,7.739601909758817,roof_tiles,tuile_terre_cuite
41867854,way,strasbourg,48.60504831951786,7.7348777685729955,roof_tiles,tuile_terre_cuite
42375108,way,strasbourg,48.60359068505602,7.740597512949317,roof_tiles,tuile_terre_cuite
44819083,way,strasbourg,48.61487245365364,7.775117595696199,roof_tiles,tuile_terre_cuite
36530110,way,strasbourg,48.59748624990144,7.766303752247673,roof_tiles,tuile_terre_cuite
42966207,way,strasbourg,48.60770756441442,7.751700020322574,roof_tiles,tuile_terre_cuite
42966344,way,strasbourg,48.60926139708858,7.7505970306609395,roof_tiles,tuile_terre_cuite
41664083,way,strasbourg,48.60004303617827,7.737209011867729,roof_tiles,tuile_terre_cuite
42309579,way,strasbourg,48.6032325081942,7.74199110114743,roof_tiles,tuile_terre_cuite
43105603,way,strasbourg,48.606028449966175,7.752174650007967,roof_tiles,tuile_terre_cuite
42925516,way,strasbourg,48.60999446004779,7.75491154532993,roof_tiles,tuile_terre_cuite
42689170,way,strasbourg,48.609183187813706,7.745863796863822,roof_tiles,tuile_terre_cuite
42422003,way,strasbourg,48.603004267971606,7.744793256348535,roof_tiles,tuile_terre_cuite
36530009,way,strasbourg,48.59585986590705,7.765718237404077,roof_tiles,tuile_terre_cuite
42271686,way,strasbourg,48.60229290903831,7.740376658015615,roof_tiles,tuile_terre_cuite
42689304,way,strasbourg,48.60821844378289,7.746807598172951,roof_tiles,tuile_terre_cuite
44818976,way,strasbourg,48.614622298018894,7.772421855909939,roof_tiles,tuile_terre_cuite
42966265,way,strasbourg,48.60680090064798,7.751894601253983,roof_tiles,tuile_terre_cuite
43012731,way,strasbourg,48.60362528676381,7.74905258910637,roof_tiles,tuile_terre_cuite
64426843,way,toulouse,43.63679066592774,1.379123136133426,roof_tiles,tuile_terre_cuite
74806157,way,toulouse,43.587717649756094,1.3131377437324552,roof_tiles,tuile_terre_cuite
74797050,way,toulouse,43.587807624262126,1.3097528004176389,roof_tiles,tuile_terre_cuite
64426441,way,toulouse,43.636499101619656,1.3784433508361469,roof_tiles,tuile_terre_cuite
74790904,way,toulouse,43.58570985539642,1.346873436549081,roof_tiles,tuile_terre_cuite
65610339,way,toulouse,43.59568581474873,1.422136710386182,roof_tiles,tuile_terre_cuite
74708285,way,toulouse,43.60916224425907,1.3981651273967364,roof_tiles,tuile_terre_cuite
74786266,way,toulouse,43.588871153536985,1.311775653364036,roof_tiles,tuile_terre_cuite
74787537,way,toulouse,43.5887784585757,1.316231238580296,roof_tiles,tuile_terre_cuite
74793340,way,toulouse,43.58970791646773,1.3129411904075383,roof_tiles,tuile_terre_cuite
618495001,way,toulouse,43.59044731635005,1.3146107649694825,roof_tiles,tuile_terre_cuite
74791931,way,toulouse,43.591118465823214,1.3150553164189729,roof_tiles,tuile_terre_cuite
64894303,way,toulouse,43.59687748581344,1.41852642961089,roof_tiles,tuile_terre_cuite
64411736,way,toulouse,43.636167847545295,1.3793496342467857,roof_tiles,tuile_terre_cuite
74814732,way,toulouse,43.58839544325924,1.3093291710533523,roof_tiles,tuile_terre_cuite
74811600,way,toulouse,43.58885680124055,1.3082596456749471,roof_tiles,tuile_terre_cuite
74803023,way,toulouse,43.59119042503091,1.3134017435434209,roof_tiles,tuile_terre_cuite
74806849,way,toulouse,43.5891378935341,1.3086089188780077,roof_tiles,tuile_terre_cuite
76443300,way,toulouse,43.611617686266136,1.45692467267382,roof_tiles,tuile_terre_cuite
74806156,way,toulouse,43.591084145287695,1.313854638408936,roof_tiles,tuile_terre_cuite
74793577,way,toulouse,43.584099801744784,1.3460575168249893,roof_tiles,tuile_terre_cuite
74792437,way,toulouse,43.59080577990749,1.312728297545597,roof_tiles,tuile_terre_cuite
74810694,way,toulouse,43.58826004932229,1.307727149602257,roof_tiles,tuile_terre_cuite
74786673,way,toulouse,43.59068003681166,1.3199414232444877,roof_tiles,tuile_terre_cuite
74785149,way,toulouse,43.58414835046731,1.345999156274587,roof_tiles,tuile_terre_cuite
74792090,way,toulouse,43.58962906597343,1.3196418287985654,roof_tiles,tuile_terre_cuite
74805140,way,toulouse,43.58797243925943,1.3066525195261505,roof_tiles,tuile_terre_cuite
64408458,way,toulouse,43.640805703031866,1.3773961768444738,roof_tiles,tuile_terre_cuite
74780456,way,toulouse,43.58701382302048,1.3148930646149586,roof_tiles,tuile_terre_cuite
73839933,way,toulouse,43.541096580532,1.4789338171308726,roof_tiles,tuile_terre_cuite
64421169,way,toulouse,43.63648640285972,1.3799839154335036,roof_tiles,tuile_terre_cuite
74808940,way,toulouse,43.58780698922249,1.315272532339731,roof_tiles,tuile_terre_cuite
64421521,way,toulouse,43.63404679169613,1.388080293937165,roof_tiles,tuile_terre_cuite
64417970,way,toulouse,43.63585882008088,1.380181306378511,roof_tiles,tuile_terre_cuite
64892299,way,toulouse,43.59692231520204,1.4185052370304585,roof_tiles,tuile_terre_cuite
74801538,way,toulouse,43.58822351381357,1.309826049205925,roof_tiles,tuile_terre_cuite
74810777,way,toulouse,43.589518598193976,1.312310377757934,roof_tiles,tuile_terre_cuite
74805407,way,toulouse,43.5882238348798,1.3105363090350797,roof_tiles,tuile_terre_cuite
74807974,way,toulouse,43.59085424819146,1.3155255516795834,roof_tiles,tuile_terre_cuite
64421166,way,toulouse,43.64040116260677,1.3770057464524297,roof_tiles,tuile_terre_cuite
64850407,way,toulouse,43.59719660692444,1.4655856235342335,roof_tiles,tuile_terre_cuite
64411187,way,toulouse,43.6372570072342,1.3779131157504652,roof_tiles,tuile_terre_cuite
74781164,way,toulouse,43.587446149181545,1.3081919366664363,roof_tiles,tuile_terre_cuite
74812104,way,toulouse,43.58930417274735,1.3102307553723045,roof_tiles,tuile_terre_cuite
122980003,way,toulouse,43.60493103886832,1.4258621204886224,roof_tiles,tuile_terre_cuite
74813734,way,toulouse,43.59155985339096,1.313723081363727,roof_tiles,tuile_terre_cuite
602118924,way,toulouse,43.59697737382806,1.4189589776616196,roof_tiles,tuile_terre_cuite
74792986,way,toulouse,43.58926199820466,1.312439563494934,roof_tiles,tuile_terre_cuite
64411652,way,toulouse,43.6375930258381,1.3782024413772394,roof_tiles,tuile_terre_cuite
64424323,way,toulouse,43.63717816750272,1.3784106278384585,roof_tiles,tuile_terre_cuite
74792832,way,toulouse,43.58852508589305,1.3148266528254384,roof_tiles,tuile_terre_cuite
64414154,way,toulouse,43.63687239572306,1.3800722110029378,roof_tiles,tuile_terre_cuite
74809420,way,toulouse,43.59030014503088,1.3194617532699022,roof_tiles,tuile_terre_cuite
63025621,way,toulouse,43.584438246950015,1.4469397401946924,roof_tiles,tuile_terre_cuite
64410206,way,toulouse,43.632416661232966,1.3818696741801222,roof_tiles,tuile_terre_cuite
96756162,way,toulouse,43.58790759734613,1.4169730301003514,roof_tiles,tuile_terre_cuite
74808531,way,toulouse,43.59173783064968,1.3157606070678642,roof_tiles,tuile_terre_cuite
64814670,way,toulouse,43.60124287305433,1.4613456007299916,roof_tiles,tuile_terre_cuite
74781353,way,toulouse,43.59055912491776,1.3137562959576865,roof_tiles,tuile_terre_cuite
602118928,way,toulouse,43.59681442994818,1.4183157270907474,roof_tiles,tuile_terre_cuite
64405119,way,toulouse,43.637293284951696,1.3788655753868502,roof_tiles,tuile_terre_cuite
74793837,way,toulouse,43.59101813385795,1.3132487780151123,roof_tiles,tuile_terre_cuite
74805529,way,toulouse,43.590749224336456,1.3176720592293285,roof_tiles,tuile_terre_cuite
64411653,way,toulouse,43.640257858904754,1.3777416410472834,roof_tiles,tuile_terre_cuite
602118920,way,toulouse,43.59692299183753,1.418745402865802,roof_tiles,tuile_terre_cuite
74810069,way,toulouse,43.59079742351175,1.3139790392281288,roof_tiles,tuile_terre_cuite
65610289,way,toulouse,43.59565942938862,1.422272536789198,roof_tiles,tuile_terre_cuite
64409045,way,toulouse,43.63931735269964,1.3779945256528328,roof_tiles,tuile_terre_cuite
64421513,way,toulouse,43.63605469045967,1.3798968327281036,roof_tiles,tuile_terre_cuite
613388982,way,toulouse,43.57388104368721,1.4774629799526624,roof_tiles,tuile_terre_cuite
74792482,way,toulouse,43.59002423791497,1.3165413031386184,roof_tiles,tuile_terre_cuite
53833413,way,toulouse,43.6104549,1.45623465,roof_tiles,tuile_terre_cuite
74249952,way,toulouse,43.56264962561869,1.4139695061129935,tile,tuile_terre_cuite
64412350,way,toulouse,43.63548424973851,1.3902408777117898,roof_tiles,tuile_terre_cuite
74804738,way,toulouse,43.587695502650334,1.3102880984885996,roof_tiles,tuile_terre_cuite
1150597,way,toulouse,43.58920591330224,1.3107917743273907,roof_tiles,tuile_terre_cuite
74807387,way,toulouse,43.5884146743671,1.312763548801222,roof_tiles,tuile_terre_cuite
74815900,way,toulouse,43.58975417196409,1.3125285871591688,roof_tiles,tuile_terre_cuite
64419352,way,toulouse,43.64215334738539,1.3798150818883652,roof_tiles,tuile_terre_cuite
74789254,way,toulouse,43.58913747045122,1.3132828004608676,roof_tiles,tuile_terre_cuite
65609328,way,toulouse,43.59754984320613,1.4302031177266388,roof_tiles,tuile_terre_cuite
74780050,way,toulouse,43.58811198347461,1.3154824069617848,roof_tiles,tuile_terre_cuite
1028804303,way,toulouse,43.587830063709966,1.3127050722905849,roof_tiles,tuile_terre_cuite
74783657,way,toulouse,43.58384851648891,1.3453157537369944,roof_tiles,tuile_terre_cuite
64421109,way,toulouse,43.63233106407567,1.3817264544579275,roof_tiles,tuile_terre_cuite
917588755,way,toulouse,43.640945650000006,1.375418400000001,roof_tiles,tuile_terre_cuite
64410073,way,toulouse,43.63752918878365,1.378949264200714,roof_tiles,tuile_terre_cuite
64419992,way,toulouse,43.637541203973456,1.3787717962502826,roof_tiles,tuile_terre_cuite
64406513,way,toulouse,43.63705784860907,1.3787030210939435,roof_tiles,tuile_terre_cuite
74805334,way,toulouse,43.58953494716799,1.3133317481130211,roof_tiles,tuile_terre_cuite
74780001,way,toulouse,43.59043986011896,1.3140922259730117,roof_tiles,tuile_terre_cuite
64418295,way,toulouse,43.64160606778596,1.380508189741809,roof_tiles,tuile_terre_cuite
1313288450,way,toulouse,43.63651042505168,1.3794723381519365,roof_tiles,tuile_terre_cuite
74811963,way,toulouse,43.59201332125875,1.3192295592754175,roof_tiles,tuile_terre_cuite
74787921,way,toulouse,43.588155800341845,1.308555650288464,roof_tiles,tuile_terre_cuite
69551837,way,tours,47.38333157365821,0.6710050956417379,roof_tiles,tuile_terre_cuite
69792895,way,tours,47.39073271934637,0.7050569766601841,roof_tiles,tuile_terre_cuite
69550583,way,tours,47.38331654487501,0.670900535923899,roof_tiles,tuile_terre_cuite
825731222,way,tours,47.27813619615039,0.6656266246949007,roof_tiles,tuile_terre_cuite
69552033,way,tours,47.38324766124227,0.6705477861072978,roof_tiles,tuile_terre_cuite
69553475,way,tours,47.38379455222523,0.6708388463148944,roof_tiles,tuile_terre_cuite
69552277,way,tours,47.38329211509875,0.6708009273176487,roof_tiles,tuile_terre_cuite
74960565,way,tours,47.39838268583781,0.741373883511572,roof_tiles,tuile_terre_cuite
421242964,way,lille,50.61220120785358,3.1382015680269,metal,zinc
79508954,way,lille,50.61088677640016,3.151315676013287,metal,zinc
79509087,way,lille,50.609507957457815,3.14745524342926,metal,zinc
1304678916,way,lille,50.63605462293226,2.885079588056441,zinc,zinc
291737624,way,lille,50.62750680631692,3.0723301039480795,metal,zinc
682680706,way,lille,50.61002151333139,3.1466837857678898,metal,zinc
79507866,way,lille,50.60894933519709,3.147897226448988,metal,zinc
79508284,way,lille,50.610071214048034,3.149483112553716,metal,zinc
79508077,way,lille,50.60903544153123,3.148030136658764,metal,zinc
79507824,way,lille,50.60950531286125,3.145025553610881,metal,zinc
79507953,way,lille,50.61031590205908,3.1474665884401483,metal,zinc
79508901,way,lille,50.60982112308282,3.139920755827651,metal,zinc
85098123,way,lille,50.63081102905586,3.098732045680346,metal,zinc
79508619,way,lille,50.6051469395228,3.1365598137671578,metal,zinc
79508604,way,lille,50.61334776794676,3.141572382012796,metal,zinc
79508368,way,lille,50.6134298931868,3.136887763302549,metal,zinc
682680707,way,lille,50.61001869094207,3.1465647952428166,metal,zinc
79508521,way,lille,50.61116109173391,3.135837407263142,metal,zinc
79508107,way,lille,50.61005050990553,3.1495815836090086,metal,zinc
79508599,way,lille,50.61329722776415,3.1406608949760484,metal,zinc
421238047,way,lille,50.6073047204722,3.1357252293884432,metal,zinc
85095808,way,lille,50.631891924396,3.100166740332387,metal,zinc
85087215,way,lille,50.63187345179551,3.094890074389141,metal,zinc
42736810,way,lille,50.63040790989915,3.052284512111884,metal,zinc
85094651,way,lille,50.632908771536,3.0989090429690105,metal,zinc
85089981,way,lille,50.63215327015344,3.105911635966599,metal,zinc
79507903,way,lille,50.61421699922052,3.1373174605384246,metal,zinc
79508131,way,lille,50.6102988462282,3.143553527715691,metal,zinc
85099577,way,lille,50.633936420491786,3.104554315807275,metal,zinc
54961055,way,lille,50.61121841237844,3.1344437921289625,metal,zinc
650613073,way,lille,50.610057452641776,3.1477111251145065,metal,zinc
79508678,way,lille,50.61314893128098,3.1365583116494573,metal,zinc
61374783,way,lille,50.63536935562507,3.0725881957945336,metal,zinc
108767445,way,lille,50.61430148662903,3.0438330384802583,metal,zinc
79508870,way,lille,50.61142048860347,3.14500275474397,metal,zinc
292079915,way,lille,50.635412673621225,3.072412736338672,metal,zinc
79508111,way,lille,50.610651227385056,3.148299170764123,metal,zinc
79508830,way,lille,50.60986842806508,3.14880713119566,metal,zinc
79508611,way,lille,50.60739011207291,3.135930743979545,metal,zinc
19101529,way,lille,50.607736929862,3.13633717930763,metal,zinc
79508642,way,lille,50.610114536385055,3.1435811503530413,metal,zinc
79508050,way,lille,50.61130153195052,3.144930467057716,metal,zinc
79508461,way,lille,50.61090479200036,3.139202713589744,metal,zinc
85089359,way,lille,50.63340486613498,3.1008383439838463,metal,zinc
421240563,way,lille,50.6127645123515,3.138054684416107,metal,zinc
1269193582,way,lyon,45.87490101313741,4.832821628964008,metal,zinc
125075512,way,lyon,45.781182314564845,4.805919304080566,metal,zinc
640907541,way,lyon,45.87474379820305,4.832927479279795,metal,zinc
125075625,way,lyon,45.780271511198336,4.804925221829242,metal,zinc
85067633,way,lyon,45.78619464909296,4.883091094926535,metal,zinc
85067959,way,lyon,45.78672363089097,4.882994795417245,metal,zinc
1293028609,way,lyon,45.7646720286185,4.755127883207455,metal,zinc
892871967,way,lyon,45.77767544945132,4.87196035408679,metal,zinc
85251918,way,lyon,45.77434796998543,4.824904550109439,metal,zinc
62346057,way,lyon,45.7307383845759,4.861530592482953,metal,zinc
84590940,way,lyon,45.76292415216502,4.876746086836022,metal,zinc
125075528,way,lyon,45.78151677958928,4.806223012702332,metal,zinc
84810898,way,lyon,45.76272190452244,4.879329447635553,metal,zinc
106641004,way,lyon,45.80172151471879,4.862785879245175,metal,zinc
85068244,way,lyon,45.78627380267918,4.883337229703016,metal,zinc
407938346,way,lyon,45.78719329794809,4.88322620640712,metal,zinc
62346989,way,lyon,45.73120204372057,4.860661614131206,metal,zinc
62348980,way,lyon,45.73128510047127,4.861034332550026,metal,zinc
1074833968,way,lyon,45.78412511746961,4.8716106490965645,metal,zinc
64931242,way,lyon,45.75360709098869,4.843715517726996,metal,zinc
125077068,way,lyon,45.78073239512368,4.805481614691932,metal,zinc
1147487312,way,lyon,45.7848926291891,4.8528913789308,metal,zinc
125105954,way,lyon,45.76609672130451,4.817953568203967,metal,zinc
125075917,way,lyon,45.78009256646809,4.804649893137489,metal,zinc
1540998375,way,lyon,45.730823664071885,4.860245442635405,metal,zinc
125076348,way,lyon,45.7809325,4.805669000000001,metal,zinc
85039930,way,lyon,45.78018632832902,4.876715683227449,metal,zinc
85068136,way,lyon,45.78621059799293,4.884095098280952,metal,zinc
125075342,way,lyon,45.77990667812815,4.804377182378912,metal,zinc
1198409334,way,lyon,45.73180386866226,4.7629890867556846,metal,zinc
125076012,way,lyon,45.78052573181596,4.805263270033594,metal,zinc
85023519,way,lyon,45.784325550000005,4.8725989,metal,zinc
8104589,way,montpellier,43.61015127297357,3.8768019777715663,metal,zinc
76169281,way,montpellier,43.59488433821824,3.91415499762135,metal,zinc
76356045,way,montpellier,43.63307215,3.86956185,metal,zinc
76169660,way,montpellier,43.59304045063001,3.9082308126100935,metal,zinc
76170648,way,montpellier,43.59299924978245,3.9080647994930815,metal,zinc
76170538,way,montpellier,43.59296655546325,3.908549288849247,metal,zinc
2192962,way,montpellier,43.64628905724471,3.867876514920328,metal,zinc
486549744,way,nantes,47.21454088399637,-1.5402480830588898,metal,zinc
83940867,way,nantes,47.22051928487319,-1.5380289328778562,metal,zinc
1050105709,way,nantes,47.18339135150934,-1.451452037913634,metal_sheet,zinc
1460118186,way,nantes,47.21263282121153,-1.5494978664328516,metal,zinc
85439511,way,nantes,47.21893552517525,-1.5446192259951737,metal,zinc
82973497,way,nantes,47.2401891,-1.541752500000002,metal,zinc
85440439,way,nantes,47.21895116281703,-1.5395731142143074,metal,zinc
85440463,way,nantes,47.211381591259,-1.546282993972938,metal,zinc
85440306,way,nantes,47.21343540873443,-1.548735064395529,metal,zinc
1321461968,way,nantes,47.2134000972568,-1.546869897552568,metal,zinc
74609507,way,nantes,47.22213573286837,-1.584679027099305,metal,zinc
83941404,way,nantes,47.22023073681133,-1.5336750470466374,metal,zinc
74540427,way,nantes,47.19608233319553,-1.5395395542408403,metal,zinc
83941954,way,nantes,47.2222089782456,-1.5344462117122877,metal,zinc
82637817,way,nantes,47.24038537474267,-1.5252025986448878,metal,zinc
82973523,way,nantes,47.244944277198776,-1.5336440486377911,metal,zinc
315051623,way,nantes,47.20748168951071,-1.55765499901423,metal,zinc
96752592,way,nantes,47.20205178881341,-1.6003739534998462,metal,zinc
85440218,way,nantes,47.21235180602745,-1.5470681455381268,metal,zinc
83941792,way,nantes,47.220657652243055,-1.540531834741372,metal,zinc
1422743191,way,nantes,47.21288826716725,-1.547835996579655,metal,zinc
74543311,way,nantes,47.19612057842268,-1.539503569062172,metal,zinc
74537407,way,nantes,47.193495181026265,-1.5319861569706583,metal,zinc
74078652,way,nantes,47.183395508300485,-1.4516709441286728,metal_sheet,zinc
82973812,way,nantes,47.241354912048415,-1.5408481384191386,metal,zinc
85438453,way,nantes,47.2129287022411,-1.5497119438253182,metal,zinc
83941234,way,nantes,47.22314186571305,-1.5321198418835924,metal,zinc
1050398830,way,nantes,47.18296990401333,-1.4517247031373717,metal_sheet,zinc
367567855,way,nantes,47.20112742843483,-1.6009374923600272,metal,zinc
1365101273,way,nantes,47.21069196857541,-1.5439870257103894,metal,zinc
1365101272,way,nantes,47.21072092256856,-1.5440157336189968,metal,zinc
85437640,way,nantes,47.21336061414373,-1.5475807042477576,metal,zinc
1050105760,way,nantes,47.183432176186784,-1.4508546606858663,metal_sheet,zinc
83941334,way,nantes,47.22184583048726,-1.5368538205988562,metal,zinc
367567978,way,nantes,47.20267630262946,-1.6010044553270812,metal,zinc
85439057,way,nantes,47.21399398818736,-1.5566723425586266,metal,zinc
1445306813,way,nantes,47.20987977157513,-1.5484839787659974,metal,zinc
83940696,way,nantes,47.22036973780514,-1.5326905647871307,metal,zinc
83941827,way,nantes,47.22129542880188,-1.5353881281943964,metal,zinc
307329925,way,nantes,47.20846373801628,-1.5328535019557648,metal,zinc
82971468,way,nantes,47.2399680375264,-1.5405767454499086,metal,zinc
1050105759,way,nantes,47.18340675,-1.4507065500000005,metal_sheet,zinc
85438314,way,nantes,47.20953226231657,-1.5475064325753136,metal,zinc
1416163366,way,nantes,47.20992950961777,-1.546934016690294,metal,zinc
83940159,way,nantes,47.22293395802726,-1.5356910930554002,metal,zinc
85438019,way,nantes,47.2130663196042,-1.5480084880873646,metal,zinc
82636367,way,nantes,47.23901485466131,-1.5248803455824438,metal,zinc
1050105708,way,nantes,47.18335505762903,-1.4515774202215534,metal_sheet,zinc
1332935816,way,nantes,47.214475815111065,-1.5480721691943538,metal,zinc
74536827,way,nantes,47.19471584855703,-1.5349252662706747,metal,zinc
85438321,way,nantes,47.21435677375072,-1.5569315786185414,metal,zinc
83941852,way,nantes,47.2219562954073,-1.536357744398981,metal,zinc
340144334,way,nantes,47.21258791680021,-1.5669305749535232,zinc,zinc
82972862,way,nantes,47.24128924669548,-1.5412625849889716,metal,zinc
85439341,way,nantes,47.21402329447472,-1.5487456656263905,metal,zinc
392932469,way,nantes,47.21479159234438,-1.5305745787820015,metal,zinc
83940654,way,nantes,47.220948223062216,-1.5364462158262848,metal,zinc
45248248,way,nantes,47.22601485023105,-1.5377068387070771,metal,zinc
82974816,way,nantes,47.24004828396675,-1.5453223324052965,metal,zinc
83941572,way,nantes,47.22103278160037,-1.5364636441961137,metal,zinc
1422743192,way,nantes,47.21286316659837,-1.5478839681197771,metal,zinc
83941801,way,nantes,47.22286394690524,-1.5411552127024275,metal,zinc
74541756,way,nantes,47.19617919653142,-1.54277439053307,metal,zinc
367567835,way,nantes,47.20028152191139,-1.6017018215846126,metal,zinc
74505537,way,nantes,47.2121691558749,-1.584621824421803,metal,zinc
96752119,way,nantes,47.20131615171622,-1.6004573067466448,metal,zinc
85946836,way,nantes,47.223698438045744,-1.5782294051293937,metal,zinc
36348714,way,nantes,47.20252010329798,-1.6027055641687336,metal,zinc
129951539,way,nantes,47.21131450139914,-1.5272592267640757,metal,zinc
83941722,way,nantes,47.22412732977318,-1.5374468719434804,metal,zinc
83940756,way,nantes,47.22548036252284,-1.5407377486517235,metal,zinc
85438665,way,nantes,47.21174883937094,-1.5407367921049029,metal,zinc
82973156,way,nantes,47.24095048043062,-1.5304936707083725,metal,zinc
83940644,way,nantes,47.22245252203248,-1.5344157447364803,metal,zinc
1346722647,way,nantes,47.2113919,-1.5458574999999943,metal,zinc
82638715,way,nantes,47.24044576985321,-1.52868327468036,metal,zinc
82637004,way,nantes,47.23941427895052,-1.5247442911028033,metal,zinc
96755914,way,nantes,47.201461112351744,-1.602030746324309,metal,zinc
83940443,way,nantes,47.22131153605719,-1.5393554965931078,metal,zinc
85439275,way,nantes,47.21268390236636,-1.5410284680188475,metal,zinc
85440796,way,nantes,47.21011507672968,-1.5475755652728456,metal,zinc
1445306812,way,nantes,47.20993197193904,-1.548504061960585,metal,zinc
1050105707,way,nantes,47.18339979611461,-1.4515586451724458,metal_sheet,zinc
83940936,way,nantes,47.222412640397216,-1.5354508005880416,metal,zinc
129951562,way,nantes,47.21130537979354,-1.526474882265235,metal,zinc
83941573,way,nantes,47.222310001022215,-1.5333652622694118,metal,zinc
85437600,way,nantes,47.21403769280117,-1.5565146696237695,metal,zinc
45334129,way,nantes,47.22286841343573,-1.5365023662573072,metal,zinc
1415939258,way,nantes,47.21020128355439,-1.5458959131881431,metal,zinc
83941277,way,nantes,47.221147632411146,-1.5447972911677064,metal,zinc
1368193765,way,nantes,47.21268913295193,-1.5407634609688787,metal,zinc
288814715,way,nantes,47.2150307352469,-1.545888865239656,metal,zinc
315039903,way,nantes,47.20788984858764,-1.5636488248512874,metal,zinc
85440787,way,nantes,47.2186158195755,-1.5453529531474053,metal,zinc
74077190,way,nantes,47.18299437657564,-1.4518527245260715,metal_sheet,zinc
894380874,way,nantes,47.196883475858925,-1.5869548860679474,metal,zinc
74078484,way,nantes,47.18331960528715,-1.4513479178521302,metal_sheet,zinc
83941501,way,nantes,47.22032455999487,-1.5337082623380671,metal,zinc
83940230,way,nantes,47.22446761811606,-1.5373966716068057,metal,zinc
85438271,way,nantes,47.21444405691259,-1.5401660623832478,metal,zinc
85439925,way,nantes,47.21370299537243,-1.5486927027299326,metal,zinc
85439605,way,nantes,47.21246145291432,-1.549554870398136,metal,zinc
45186797,way,nantes,47.222288319107626,-1.536419496304697,metal,zinc
314632762,way,nantes,47.24034085543506,-1.5411376024072814,metal,zinc
83941618,way,nantes,47.22101610492792,-1.5316465816030316,metal,zinc
83942006,way,nantes,47.220588378801416,-1.5386350468873378,metal,zinc
85440230,way,nantes,47.21312795854437,-1.5473732514540643,metal,zinc
83940061,way,nantes,47.2210669033604,-1.5393428797947035,metal,zinc
83940737,way,nantes,47.222922590008665,-1.5317847505700397,metal,zinc
65094494,way,nantes,47.20734286627066,-1.5575734685116045,metal,zinc
85438740,way,nantes,47.21955187584386,-1.538722280879283,metal,zinc
127981833,way,nantes,47.225990122887744,-1.582660458222953,metal,zinc
314632742,way,nantes,47.24028172526522,-1.5411846288810742,metal,zinc
1050105761,way,nantes,47.18345902082591,-1.4510069397427436,metal_sheet,zinc
83941584,way,nantes,47.22218619542775,-1.5352946874356537,metal,zinc
1050105758,way,nantes,47.18337906544639,-1.4505469194436966,metal_sheet,zinc
82975164,way,nantes,47.2439313532305,-1.542191962002403,metal,zinc
83940941,way,nantes,47.2205639453615,-1.5368604171021598,metal,zinc
1445306816,way,nantes,47.20990481070936,-1.54837667828517,metal,zinc
4236364,way,nantes,47.2078905316023,-1.5626269808970132,metal,zinc
96755836,way,nantes,47.20137440414612,-1.60150815709318,metal,zinc
85439508,way,nantes,47.214575004452136,-1.558009935370942,metal,zinc
85437620,way,nantes,47.21408254738876,-1.5563534980799587,metal,zinc
83941545,way,nantes,47.22020653180898,-1.539836414794201,metal,zinc
1338953672,way,nantes,47.212105753871214,-1.546230097853334,metal,zinc
83940998,way,nantes,47.22651342449355,-1.542616342097629,metal,zinc
85440446,way,nantes,47.213969683852206,-1.5579745188726826,metal,zinc
83940933,way,nantes,47.22154609936757,-1.5357580063901666,metal,zinc
85947889,way,nantes,47.22398183151451,-1.5783565060383518,metal,zinc
83940218,way,nantes,47.225670036899736,-1.537670423459348,metal,zinc
85439434,way,nantes,47.21014076085887,-1.545829290036888,metal,zinc
85440572,way,nantes,47.2108493502843,-1.5568321743185702,metal,zinc
85947507,way,nantes,47.22390404939643,-1.578120222216653,metal,zinc
85530802,way,nantes,47.22700527135281,-1.57203230000337,metal,zinc
83942152,way,nantes,47.22200891554577,-1.5339650480720362,metal,zinc
44636504,way,nantes,47.21320598635266,-1.5461053393384845,metal,zinc
913900293,way,paris,48.871242255604486,2.3761582853299474,metal,zinc
68852105,way,paris,48.882133903494775,2.2293230816551373,metal,zinc
70002700,way,paris,48.8707737363664,2.3929416333269464,metal,zinc
983077,way,paris,48.86927862535912,2.363864479845536,metal,zinc
63639187,way,paris,48.87029173149242,2.376323552401196,metal,zinc
68277080,way,paris,48.90048038413334,2.217019234434549,metal,zinc
63239848,way,paris,48.874834258478856,2.380735796934068,metal,zinc
55991913,way,paris,48.89663700594289,2.201226962295248,metal,zinc
51869381,way,paris,48.890867131497046,2.192516972944175,metal,zinc
69999440,way,paris,48.869722089063046,2.394989613690923,metal,zinc
78149321,way,paris,48.84696194569378,2.3711185306087468,metal,zinc
63656321,way,paris,48.7949126731304,2.323185586924175,metal_sheet,zinc
49302294,way,paris,48.89840886410334,2.1914148518688874,metal,zinc
400334764,way,paris,48.79280259822652,2.384915457194992,metal,zinc
62461818,way,paris,48.80267098634281,2.3397587965428346,metal,zinc
78018996,way,paris,48.84488120694971,2.383866358510501,metal,zinc
403981051,way,paris,48.89508250619566,2.1977162921017825,metal,zinc
659543994,way,paris,48.8700872907952,2.3787906073122778,metal,zinc
68850850,way,paris,48.88156015847704,2.2300550711810345,metal,zinc
79629033,way,paris,48.831171332241134,2.3301671599409874,metal,zinc
65306113,way,paris,48.83827062288158,2.244019087731812,metal,zinc
79688330,way,paris,48.83369099972395,2.322912328391223,metal,zinc
63236322,way,paris,48.87467395428951,2.379936993783636,metal,zinc
983179,way,paris,48.86888200337968,2.363395610154288,metal,zinc
63639637,way,paris,48.8714434078956,2.3759209274431883,metal,zinc
913900295,way,paris,48.87129673256057,2.37593052265802,metal,zinc
79629180,way,paris,48.83109697783589,2.3303562941124056,metal,zinc
913900292,way,paris,48.87101690861941,2.375971697232146,metal,zinc
63195876,way,paris,48.87475071692929,2.3727654687064983,metal,zinc
175457465,way,paris,48.803590140372414,2.4740862081031305,metal,zinc
298176422,way,paris,48.870310131453095,2.3783793168541,metal,zinc
1635663,way,paris,48.84759961490301,2.3777172609163344,metal,zinc
56216689,way,paris,48.85136393773652,2.36393949741698,metal,zinc
62522608,way,paris,48.849292874170125,2.339946867826301,metal,zinc
55313121,way,paris,48.89610628947136,2.203623060239725,metal,zinc
70001194,way,paris,48.871467856903344,2.3781118267919443,metal,zinc
62464690,way,paris,48.80174596976544,2.340175414509323,metal,zinc
56216659,way,paris,48.8505965230498,2.3636728532159736,metal,zinc
44326511,way,paris,48.83275952568676,2.2863114733393752,metal,zinc
54395725,way,paris,48.89325924048583,2.197848835648925,metal,zinc
79628721,way,paris,48.83099144452176,2.3306756749696187,metal,zinc
73502826,way,paris,48.90350112505782,2.194521876342629,metal,zinc
63652359,way,paris,48.79155296861178,2.3333622755154897,metal,zinc
77807641,way,paris,48.88334763220751,2.3449858326034927,zinc,zinc
63654450,way,paris,48.79300207680124,2.3323250725259834,metal,zinc
70002174,way,paris,48.871649931282434,2.378142005042485,metal,zinc
78145255,way,paris,48.84653491904336,2.3814386415140807,metal,zinc
51868727,way,paris,48.89504621767573,2.1986866201784787,metal,zinc
71717481,way,paris,48.78356837320096,2.2325307041019147,metal,zinc
70000310,way,paris,48.87172186819686,2.378334514436151,metal,zinc
1174834795,way,paris,48.85055906240458,2.3434058957156747,metal,zinc
71715543,way,paris,48.78161542436262,2.228335370853173,metal,zinc
72093083,way,paris,48.89972724174367,2.1886997604018155,metal,zinc
57380586,way,paris,48.86387579780105,2.3617608447668363,metal,zinc
68673838,way,paris,48.8847218119345,2.205238738007445,metal,zinc
63201954,way,paris,48.87454361172116,2.3737253927437223,metal,zinc
63649467,way,paris,48.86894331957252,2.3798398810896915,metal,zinc
135417928,way,paris,48.823174491857785,2.2253664468039305,metal,zinc
54187711,way,paris,48.89187094542555,2.191296082965053,metal,zinc
63654197,way,paris,48.790070822272064,2.3324423464845347,metal,zinc
78149219,way,paris,48.84642996057711,2.3702590863224526,metal,zinc
62464410,way,paris,48.80261162309549,2.338880866191436,metal,zinc
706488654,way,paris,48.87502056508238,2.3810483504949995,metal,zinc
63201699,way,paris,48.87220534772686,2.3734746518747767,metal,zinc
706504192,way,paris,48.87491634570688,2.3820189892369816,metal,zinc
149269765,way,paris,48.82230846108447,2.414233990036676,metal,zinc
55626689,way,paris,48.85514926395161,2.357315966269357,metal,zinc
75034539,way,paris,48.890016043244174,2.200524478299889,metal,zinc
54187799,way,paris,48.893867078724135,2.1930705167869062,metal,zinc
56216695,way,paris,48.85115839093471,2.36493234840279,metal,zinc
1213436,way,paris,48.84939660370179,2.380870878672098,zinc,zinc
53724193,way,paris,48.83062917414416,2.295807334424948,metal,zinc
63652884,way,paris,48.79340289987305,2.332237716153059,metal,zinc
69999227,way,paris,48.871416820888,2.395797035760985,metal,zinc
47656380,way,paris,48.89790641721228,2.1908107001112227,metal,zinc
443073347,way,paris,48.89710246029194,2.189678580365316,metal,zinc
62298505,way,paris,48.85701416209085,2.333072682308958,metal,zinc
78145371,way,paris,48.84642513269996,2.3812444059224034,metal,zinc
2013388,way,paris,48.822788474210405,2.4139470293523835,metal,zinc
68849802,way,paris,48.882130407777694,2.2297415044970226,metal,zinc
70004160,way,paris,48.87128825285472,2.3924437701176813,metal,zinc
78149260,way,paris,48.84609870819108,2.373661890148908,metal,zinc
1020572040,way,paris,48.78726682592462,2.254715070530341,metal,zinc
68849529,way,paris,48.88497603178437,2.225036717608488,metal,zinc
1344828182,way,paris,48.777853083523055,2.232230876964459,zinc,zinc
63212810,way,paris,48.874905314253766,2.3811057144426666,metal,zinc
70003393,way,paris,48.87002527741266,2.379819697915804,metal,zinc
298176426,way,paris,48.87040765901796,2.378421960889806,metal,zinc
949075491,way,paris,48.7933344,2.32820465,metal,zinc
68277178,way,paris,48.90025042005856,2.2151160890598827,metal,zinc
68277105,way,paris,48.89986077431511,2.218265470162673,metal,zinc
706488656,way,paris,48.87499917864563,2.380863835639716,metal,zinc
1136105126,way,paris,48.86563301569705,2.317889680620876,metal,zinc
63644734,way,paris,48.86901758004016,2.380058546020805,metal,zinc
62462117,way,paris,48.80245363106293,2.337840587098743,metal,zinc
1002540,way,paris,48.87042130101345,2.3762864867347084,metal,zinc
63638847,way,paris,48.871295692567735,2.3769325251327578,metal,zinc
71716988,way,paris,48.781355075059686,2.228834830326256,metal,zinc
53724107,way,paris,48.83087693372948,2.2952656631405284,metal,zinc
55869335,way,paris,48.88998677165902,2.193020031577763,metal,zinc
62558813,way,paris,48.7906060574355,2.42604323046744,metal,zinc
62461983,way,paris,48.80314681523724,2.33720139023799,metal,zinc
47655017,way,paris,48.89649875258522,2.189149619139031,metal,zinc
79629139,way,paris,48.831151573275136,2.330437134594264,metal,zinc
113735646,way,paris,48.8707108048805,2.3738696833081714,metal,zinc
78148715,way,paris,48.84671652080483,2.370476426455176,metal,zinc
63238497,way,paris,48.87494128493867,2.3821339671142945,metal,zinc
63639770,way,paris,48.85375459078928,2.3805525359814133,metal,zinc
55047676,way,paris,48.88985829232711,2.19630603430103,metal,zinc
78145575,way,paris,48.84628958737559,2.38085643914148,metal,zinc
63202538,way,paris,48.8747046821621,2.3729251398756204,metal,zinc
70967392,way,paris,48.87175337979079,2.217328057700249,metal,zinc
70966714,way,paris,48.87360665027267,2.217171675870285,metal,zinc
78146508,way,paris,48.84851175214396,2.378074297287441,metal,zinc
71715818,way,paris,48.78205457089238,2.228558562428031,metal,zinc
63652281,way,paris,48.79483725037473,2.324554725121436,metal_sheet,zinc
78149371,way,paris,48.846494398452606,2.370363308691064,metal,zinc
63240196,way,paris,48.87486769087826,2.380229849525344,metal,zinc
105152373,way,paris,48.82607848865632,2.2566201658965697,metal,zinc
63649389,way,paris,48.85423182851814,2.382746001947398,zinc,zinc
78145429,way,paris,48.84654830881481,2.3816277272325097,metal,zinc
78149205,way,paris,48.84714937666916,2.371421028274795,metal,zinc
54187722,way,paris,48.89303204736495,2.193088695104745,metal,zinc
62463430,way,paris,48.80202764372458,2.33609102784124,metal,zinc
217512527,way,paris,48.83960265739209,2.3753897910890096,metal,zinc
68277045,way,paris,48.89929780844996,2.2188561126361264,metal,zinc
71715695,way,paris,48.78184506292549,2.2297318876350865,metal,zinc
1003204,way,paris,48.86491187359863,2.3819479313541567,zinc,zinc
62462174,way,paris,48.80241693319247,2.3412393783918533,metal,zinc
1103308,way,paris,48.871134954934895,2.3786285183394704,metal,zinc
71719006,way,paris,48.78319715365487,2.2330684576332613,metal,zinc
49363283,way,paris,48.8555742896647,2.3477369916054074,metal,zinc
71715334,way,paris,48.78263049562525,2.229568544816971,metal,zinc
78145265,way,paris,48.84989903489723,2.3840906425431694,metal,zinc
63242724,way,paris,48.874857816550126,2.3804249659205494,metal,zinc
68277069,way,paris,48.90021834637956,2.2164221467411025,metal,zinc
53724104,way,paris,48.83083072770728,2.2934288315274505,metal,zinc
706504179,way,paris,48.87461974682307,2.3804573341168584,metal,zinc
63655593,way,paris,48.792397944243774,2.3325291074974817,metal,zinc
77806743,way,paris,48.883329141915816,2.344804817727801,zinc,zinc
55874074,way,paris,48.89126569641959,2.199506501119936,metal,zinc
63656019,way,paris,48.792763396125466,2.3325910504745626,metal,zinc
1100897,way,paris,48.871782457720286,2.299559095224189,metal,zinc
70000564,way,paris,48.872149031462094,2.404000678430191,metal,zinc
71717790,way,paris,48.78316228460712,2.2322639461547995,metal,zinc
51868715,way,paris,48.89146554869641,2.1955630988204176,metal,zinc
62462886,way,paris,48.80239224730904,2.3403910510042474,metal,zinc
63641651,way,paris,48.87054170037201,2.373299015273207,metal,zinc
1212963,way,paris,48.83409820222679,2.3221334231744164,metal,zinc
68849363,way,paris,48.8819707352965,2.2290775262691893,metal,zinc
62314182,way,paris,48.851901510479706,2.3306810205591,metal,zinc
78149354,way,paris,48.84686909207526,2.370968581954326,metal,zinc
1267504034,way,paris,48.86674856315648,2.4116173762852746,metal,zinc
79629178,way,paris,48.831047780705816,2.3305160985777227,metal,zinc
56216670,way,paris,48.850491934760576,2.364702427617141,metal,zinc
1528435037,way,paris,48.81027438962761,2.4427308105979804,zinc,zinc
126142624,way,paris,48.74837428786216,2.352046338111065,metal,zinc
68277055,way,paris,48.8910646209032,2.190409831723509,metal,zinc
329195478,way,paris,48.87138830794162,2.378187863877629,metal,zinc
63648402,way,paris,48.87123191155704,2.375036721443585,metal,zinc
78149140,way,paris,48.84704259398569,2.3710068019637096,metal,zinc
70003426,way,paris,48.87211002055692,2.396193275695133,metal,zinc
78018939,way,paris,48.84478913565664,2.3837552915824416,metal,zinc
53724099,way,paris,48.83107704160107,2.294648677763838,metal,zinc
78019407,way,paris,48.84501970029754,2.3841423859293243,metal,zinc
63197886,way,paris,48.87466620493324,2.373629914039792,metal,zinc
68671928,way,paris,48.88503287375684,2.206194251426351,metal,zinc
76143081,way,paris,48.87726593303189,2.206081892549628,metal,zinc
71718024,way,paris,48.78276933149692,2.2308126511665907,metal,zinc
76143097,way,paris,48.877269032416336,2.2063113442916262,metal,zinc
71717767,way,paris,48.7824624549118,2.230234593952748,metal,zinc
66135278,way,paris,48.764130586570055,2.402326353472332,metal,zinc
993706206,way,paris,48.74842636448566,2.4195157602183954,metal,zinc
78148762,way,paris,48.84690290348286,2.3707797702249693,metal,zinc
1002641,way,paris,48.87052285432798,2.378176210568519,metal,zinc
69999181,way,paris,48.87421543766089,2.389730421415026,metal,zinc
62462704,way,paris,48.80310924649309,2.338676954500416,metal,zinc
78148857,way,paris,48.84691569136034,2.3710434440589387,metal,zinc
63201695,way,paris,48.871464546518986,2.3739382962485323,metal,zinc
68906580,way,paris,48.85319176353728,2.306314722796853,metal,zinc
56216692,way,paris,48.8511163600579,2.36563205413498,metal,zinc
63640835,way,paris,48.87066144057899,2.373632988805274,metal,zinc
62461620,way,paris,48.80280047104407,2.3360681094253204,metal,zinc
81124460,way,paris,48.75279308693266,2.3034208073503057,metal,zinc
63203790,way,paris,48.87281621435015,2.375722954101291,zinc,zinc
75034564,way,paris,48.88996270237663,2.2005997875174206,metal,zinc
261381231,way,paris,48.80931405549455,2.2318986979538926,metal,zinc
68277097,way,paris,48.89942950053434,2.2177086386921205,metal,zinc
63638241,way,paris,48.87100950060039,2.3757833492876044,metal,zinc
78148933,way,paris,48.84708855371888,2.3710815286255564,metal,zinc
69562897,way,paris,48.87709279967406,2.3335375876373656,zinc,zinc
135417912,way,paris,48.82347048771492,2.2256246947700933,metal,zinc
63654474,way,paris,48.792562388122015,2.32574258327558,metal,zinc
115331956,way,paris,48.83095426399829,2.2236605821648867,metal,zinc
78146428,way,paris,48.846826541821365,2.378888202075596,metal,zinc
49230933,way,paris,48.89398418167918,2.192786912592484,metal,zinc
63200993,way,paris,48.87153491008513,2.374225784318252,metal,zinc
63202934,way,paris,48.87104189172033,2.37367815968072,metal,zinc
126143094,way,paris,48.75070409641849,2.3466536061005168,metal,zinc
913900294,way,paris,48.87115526866601,2.376049981550226,metal,zinc
300864800,way,paris,48.83886592908922,2.2836069601286417,metal,zinc
136292726,way,paris,48.8144646764716,2.240756869018246,metal,zinc
76144163,way,paris,48.87680435000001,2.206034900000001,metal,zinc
75034627,way,paris,48.89007287073152,2.200449141476373,metal,zinc
63648916,way,paris,48.8699914791277,2.378790380864188,metal,zinc
666973048,way,paris,48.78963684428327,2.4269686510680355,metal,zinc
54187808,way,paris,48.89174925319689,2.19202635867718,metal,zinc
62461823,way,paris,48.801778022259086,2.3394809101250704,metal,zinc
1211433,way,paris,48.84608113007995,2.3734813397546044,metal,zinc
58772006,way,paris,48.89340971054542,2.19783653123257,metal,zinc
49363285,way,paris,48.85550350886384,2.348005445667199,metal,zinc
78146492,way,paris,48.8473627955384,2.378863627264804,metal,zinc
70002758,way,paris,48.86808530244966,2.395714303054953,metal,zinc
1531391,way,paris,48.883213136243306,2.3440828881388924,zinc,zinc
63657173,way,paris,48.79316585660395,2.333053899088139,metal,zinc
62463015,way,paris,48.80288403986481,2.3367429770718333,metal,zinc
71719229,way,paris,48.7831377187813,2.2309590188796404,metal,zinc
79628946,way,paris,48.8317839091671,2.330714852919758,metal,zinc
62462244,way,paris,48.80177321331747,2.336452377446807,metal,zinc
51460118,way,paris,48.89739960039938,2.189892218603938,metal,zinc
78052166,way,paris,48.83493934296481,2.4045318041694888,zinc,zinc
63645145,way,paris,48.86565276760965,2.3813856843447065,zinc,zinc
659119948,way,paris,48.87074287647727,2.3736875121852634,metal,zinc
78148726,way,paris,48.847135124106885,2.3711571971662253,metal,zinc
68277133,way,paris,48.900031841324335,2.215866425206726,metal,zinc
63637844,way,paris,48.870925081051865,2.3764953298755382,metal,zinc
120442778,way,paris,48.864998999591485,2.381814121920963,zinc,zinc
63648858,way,paris,48.87151001183347,2.3769260182922265,metal,zinc
49363282,way,paris,48.855731188821714,2.347506916538312,metal,zinc
914402552,way,paris,48.86996471250984,2.3736593693611217,metal,zinc
70001587,way,paris,48.87443661587901,2.3891340470065003,metal,zinc
78146208,way,paris,48.84666578511907,2.3788930309615703,metal,zinc
71717368,way,paris,48.78138376042104,2.227669904980685,metal,zinc
62463099,way,paris,48.8020826165897,2.3399340114351777,metal,zinc
75748486,way,paris,48.88546705887292,2.322360700480724,metal,zinc
78145411,way,paris,48.84631821509777,2.381073142592937,metal,zinc
78146166,way,paris,48.846899026215645,2.3774218791938333,metal,zinc
143315471,way,paris,48.7493177446305,2.406866993386128,metal,zinc
865466475,way,paris,48.870777198013926,2.372883183149269,metal,zinc
70002902,way,paris,48.869849770906455,2.394832620647949,metal,zinc
1185302819,way,paris,48.7603590847564,2.4027447798415147,metal,zinc
76696392,way,paris,48.91330933040127,2.2216596364756254,metal,zinc
63640412,way,paris,48.870139484423255,2.373499324985287,metal,zinc
62461923,way,paris,48.802887704034376,2.340084064147511,metal,zinc
63195403,way,paris,48.87060809757018,2.372417318478274,metal,zinc
78146169,way,paris,48.84785813194596,2.377416998531239,metal,zinc
58847941,way,paris,48.88838120313581,2.191148562557309,metal,zinc
49457716,way,paris,48.8956721029044,2.1952676930544723,metal,zinc
1204592902,way,paris,48.75625325,2.2861434,metal,zinc
66150872,way,paris,48.7647908839388,2.400412154655053,metal,zinc
62463912,way,paris,48.8024398279577,2.335652027287138,metal,zinc
984133,way,paris,48.8750009090305,2.373226153862478,metal,zinc
63203591,way,paris,48.86908210494414,2.363464119458208,metal,zinc
136293017,way,paris,48.81455330699927,2.240073711334244,metal,zinc
706141807,way,paris,48.870801835057904,2.3764761094596327,metal,zinc
53724190,way,paris,48.83136446912429,2.2937263347346386,metal,zinc
19856722,way,paris,48.862817741334375,2.342828217377084,metal,zinc
78146507,way,paris,48.84658870848092,2.3789832936900672,metal,zinc
257636667,way,paris,48.83703897018944,2.3728342501620445,metal,zinc
80244247,way,paris,48.75612798404554,2.299652186415687,metal,zinc
397104039,way,paris,48.88408389262237,2.195675121572636,metal,zinc
51358193,way,paris,48.89120113570873,2.191798592782478,metal,zinc
706141808,way,paris,48.87096882550337,2.3764000894639747,metal,zinc
63203527,way,paris,48.86930144032359,2.363166808097231,metal,zinc
62464136,way,paris,48.8031096583027,2.339599129208658,metal,zinc
63651730,way,paris,48.790498970280446,2.332075133238607,metal,zinc
70003051,way,paris,48.8713285,2.3930912500000003,metal,zinc
149274743,way,paris,48.819496075180325,2.409659478265129,metal,zinc
49711354,way,paris,48.89713666469192,2.196114200133177,metal,zinc
78148828,way,paris,48.84676282566638,2.370551841717124,metal,zinc
63638760,way,paris,48.850628880577744,2.384147586336143,metal,zinc
78052879,way,paris,48.83619368017752,2.393832700839388,zinc,zinc
79687408,way,paris,48.834056909743445,2.3222450924324924,metal,zinc
105152434,way,paris,48.825766924719616,2.256331353235163,metal,zinc
71718241,way,paris,48.78383906757279,2.234169741355645,metal,zinc
71716891,way,paris,48.783778931069214,2.233427196234396,metal,zinc
63646044,way,paris,48.85079693553635,2.384050506160912,metal,zinc
55346562,way,paris,48.84669819812912,2.3491302806875725,metal,zinc
78146411,way,paris,48.848874979632505,2.378234010773234,metal,zinc
54187868,way,paris,48.89245700394234,2.1916044375858417,metal,zinc
63195484,way,paris,48.8750789702783,2.3731031762154986,metal,zinc
75034576,way,paris,48.88991102307302,2.200678067725308,metal,zinc
143322396,way,paris,48.74286982902714,2.404199615202627,metal,zinc
63201611,way,paris,48.87468178472772,2.373216694923705,metal,zinc
3262297,way,paris,48.86102130914864,2.335849877654457,metal,zinc
63655959,way,paris,48.79299795050273,2.3238321505106216,metal,zinc
983590,way,paris,48.87191523986916,2.3758681255666327,metal,zinc
668065731,way,paris,48.88949622459224,2.197828892324261,metal,zinc
79628952,way,paris,48.83153420903275,2.33140437292892,metal,zinc
49286666,way,paris,48.89470479600131,2.195260614342488,metal,zinc
1002868,way,paris,48.87061083067693,2.378091760262087,metal,zinc
149270906,way,paris,48.82258040768154,2.4141040528500755,metal,zinc
75034603,way,paris,48.88986060192212,2.200748776554544,metal,zinc
70000311,way,paris,48.87342482704986,2.388394252661828,metal,zinc
71718751,way,paris,48.7830701744655,2.2337001612324405,metal,zinc
58847943,way,paris,48.88972698997556,2.1891250158636826,metal,zinc
171279319,way,paris,48.88824336781124,2.1839587214352223,metal,zinc
228015246,way,paris,48.83272931303348,2.393996986921763,metal,zinc
78019148,way,paris,48.844955602380615,2.3840372846790463,metal,zinc
754106224,way,paris,48.82086029068828,2.410732460916898,metal,zinc
70003062,way,paris,48.87210230026256,2.392564115501365,metal,zinc
71718566,way,paris,48.78163723030527,2.227352978430649,metal,zinc
63639779,way,paris,48.85019237775552,2.385157347945568,metal,zinc
63224966,way,paris,48.87457517189354,2.381063621104476,metal,zinc
659119947,way,paris,48.87066498583504,2.3737275663417376,metal,zinc
63652675,way,paris,48.79084094793572,2.3333237949580123,metal,zinc
78148728,way,paris,48.84663499985145,2.370590448824644,metal,zinc
1368411,way,paris,48.847438125925294,2.378044436476052,metal,zinc
63638467,way,paris,48.87164374996341,2.3769708982378184,metal,zinc
50416023,way,paris,48.89120056894112,2.192327365298496,metal,zinc
63647923,way,paris,48.86940731446822,2.379447302223156,metal,zinc
1002607,way,paris,48.85345481089226,2.3808633190719206,metal,zinc
865466473,way,paris,48.870705057677895,2.3730138632992706,metal,zinc
51868720,way,paris,48.895017794663296,2.198144553122299,metal,zinc
129984950,way,paris,48.84191980389009,2.404299469279332,metal,zinc
706504178,way,paris,48.87459478339897,2.3799379020245355,metal,zinc
983712,way,paris,48.87096429823443,2.373548597157697,metal,zinc
78146203,way,paris,48.84841123071778,2.3784999679277807,metal,zinc
70002895,way,paris,48.87354353784927,2.3909320908115705,metal,zinc
143501013,way,paris,48.7601129828166,2.403184962458525,metal,zinc
63640722,way,paris,48.87144575857382,2.3763989242396684,metal,zinc
63225100,way,paris,48.87500452203345,2.382317383670264,metal,zinc
118852150,way,paris,48.85184575263487,2.369014349946502,metal,zinc
63202903,way,paris,48.868582731939625,2.362621370559581,metal,zinc
63648058,way,paris,48.86572051092817,2.381517109995025,zinc,zinc
55991868,way,paris,48.89667152477952,2.201296552896216,metal,zinc
1003273,way,paris,48.79297400441575,2.334796453792756,metal,zinc
68851442,way,paris,48.881483755976966,2.2297201141250973,metal,zinc
49457718,way,paris,48.89578069035551,2.1956260916751784,metal,zinc
129984949,way,paris,48.84202978718791,2.403619669526947,metal,zinc
70145770,way,paris,48.850540022795634,2.405732759822991,metal,zinc
659543995,way,paris,48.87125646668454,2.3786256175207545,metal,zinc
63654823,way,paris,48.79167802213083,2.333950755617791,zinc,zinc
79629115,way,paris,48.831329158809176,2.3302394957721067,metal,zinc
1531388,way,paris,48.88330117946546,2.344655424513791,zinc,zinc
163596822,way,paris,48.89328067987776,2.197806673769975,metal,zinc
63195563,way,paris,48.8711350107404,2.373957816004099,metal,zinc
63649267,way,paris,48.87122084205056,2.376919986686333,metal,zinc
124362055,way,paris,48.776720501876895,2.3357098473373314,metal,zinc
78149308,way,paris,48.84685615755328,2.3707036348570107,metal,zinc
80405249,way,paris,48.75514719881535,2.302414456330843,metal,zinc
48009019,way,paris,48.89424120075106,2.194007983849723,metal,zinc
54187841,way,paris,48.89242519698871,2.1911574912833145,metal,zinc
78146140,way,paris,48.84670726951955,2.3790917279927686,metal,zinc
143507859,way,paris,48.759996156218165,2.4027766250067617,metal,zinc
135417934,way,paris,48.82299997552389,2.225585321673464,metal,zinc
49457717,way,paris,48.89572589316037,2.1954060884002176,metal,zinc
55047646,way,paris,48.8899341611997,2.1966858002300613,metal,zinc
47656311,way,paris,48.896965051916325,2.188849286072713,metal,zinc
78149238,way,paris,48.84682204131186,2.3708923387349192,metal,zinc
799235453,way,paris,48.892122577132895,2.4280857784208267,metal,zinc
1344828181,way,paris,48.77788972954802,2.231777654472728,zinc,zinc
666443690,way,paris,48.87200828431282,2.3732173305197466,metal,zinc
78146350,way,paris,48.846859914277445,2.3794987485802666,metal,zinc
68853295,way,paris,48.88491086870772,2.225261117149372,metal,zinc
51868724,way,paris,48.89497472047612,2.1976021331043856,metal,zinc
1198064426,way,paris,48.852272239484655,2.3603296942603014,metal,zinc
71716545,way,paris,48.7822511880931,2.229586006033678,metal,zinc
55047694,way,paris,48.88993263343863,2.196509987746833,metal,zinc
69693995,way,paris,48.872332036243,2.297444029527567,metal,zinc
54044641,way,paris,48.86525769053037,2.340643322318936,metal,zinc
63641568,way,paris,48.869174302069794,2.379926105232497,metal,zinc
70001581,way,paris,48.873964701476496,2.3875183368305386,metal,zinc
63648534,way,paris,48.8689018011192,2.3801199501465,metal,zinc
1000428,way,paris,48.87430302795331,2.3856724361361223,metal,zinc
80594975,way,paris,48.756031292630055,2.2968620114988108,metal,zinc
63655759,way,paris,48.7903645161542,2.332794411699919,metal,zinc
1002449,way,paris,48.87106243344178,2.376474254668409,metal,zinc
78149226,way,paris,48.84667010680904,2.3704006159351865,zinc,zinc
1002676,way,paris,48.87089372748085,2.3744238339598764,metal,zinc
58847928,way,paris,48.88955954074232,2.189106828618528,metal,zinc
78149023,way,paris,48.84694965094972,2.3708553052178964,metal,zinc
63646278,way,paris,48.87113612899975,2.376886814232837,metal,zinc
80595194,way,paris,48.75507503625112,2.2970288837745514,metal,zinc
63643370,way,paris,48.87137779372959,2.375561758190881,metal,zinc
78145213,way,paris,48.8463625722266,2.381481326724812,metal,zinc
63655650,way,paris,48.7930955858897,2.333610808168104,metal,zinc
63640117,way,paris,48.87047914258658,2.373596578096659,metal,zinc
78149303,way,paris,48.84662267061078,2.3703236544748965,zinc,zinc
79628957,way,paris,48.83111033476009,2.3307222278801274,metal,zinc
68906569,way,paris,48.85323823874049,2.3066061676611453,metal,zinc
79628812,way,paris,48.83123797918952,2.3304986215053503,metal,zinc
1103216,way,paris,48.8715008719425,2.378420950586616,metal,zinc
63198729,way,paris,48.874920580681,2.3729274937904505,metal,zinc
146071457,way,paris,48.7714507355248,2.3287752620959243,metal,zinc
62461831,way,paris,48.80151945521254,2.3368132290067263,metal,zinc
443073449,way,paris,48.91240458803309,2.223824515165441,metal,zinc
63212501,way,paris,48.87464107133288,2.379755118818122,metal,zinc
143501356,way,paris,48.759978788130425,2.402189572936205,metal,zinc
261381232,way,paris,48.80930423945994,2.231807200707012,metal,zinc
68277028,way,paris,48.89993564862596,2.219031540211705,metal,zinc
79628818,way,paris,48.83124900424072,2.330239389124893,metal,zinc
83820290,way,paris,48.843786081127625,2.435965532601545,zinc,zinc
79686842,way,paris,48.83383581861342,2.3227312850992567,metal,zinc
229982405,way,paris,48.84291188293015,2.380567942785237,metal,zinc
49363281,way,paris,48.855426244368445,2.347316062244644,metal,zinc
397104040,way,paris,48.8839345565044,2.195858930184939,metal,zinc
53773759,way,paris,48.86103124337745,2.341139467771605,metal,zinc
63638240,way,paris,48.87131666527821,2.3752986222016546,metal,zinc
70003607,way,paris,48.87107473035263,2.378456348617579,metal,zinc
78019585,way,paris,48.844696655409166,2.388718932104908,metal,zinc
146071447,way,paris,48.77156266846687,2.3287438703634167,metal,zinc
56216657,way,paris,48.851611908588986,2.364725899867944,metal,zinc
63202891,way,paris,48.87091536581611,2.373035680925053,metal,zinc
85057575,way,paris,48.81905784131275,2.4706365063363376,metal_sheet,zinc
110188226,way,paris,48.84123295395125,2.435697251028216,zinc,zinc
143315782,way,paris,48.749008017894575,2.4069490952177444,metal,zinc
71716250,way,paris,48.78342832840652,2.2339234446638576,metal,zinc
983904,way,paris,48.868450423799885,2.3642784270456496,metal,zinc
76696211,way,paris,48.91361499999999,2.2223971,metal,zinc
63639792,way,paris,48.853651607462616,2.380152174772743,metal,zinc
71717130,way,paris,48.78287814745943,2.2315579290323804,metal,zinc
1103287,way,paris,48.87405042959933,2.3885624098635585,metal,zinc
79628486,way,paris,48.83152724520814,2.3304107808965644,metal,zinc
1608092,way,paris,48.8535905247277,2.381051988971762,metal,zinc
54187715,way,paris,48.89233624008943,2.1915120164621364,metal,zinc
659543993,way,paris,48.8700412814799,2.3786483642839884,metal,zinc
78144529,way,paris,48.84960391675216,2.3845512652063032,metal,zinc
63656698,way,paris,48.79117747055874,2.333622902282548,metal,zinc
1184673413,way,paris,48.87205461299102,2.3788448117163705,metal,zinc
150378068,way,paris,48.78007038061519,2.2233835759483056,metal_sheet,zinc
63639007,way,paris,48.87079034101345,2.376179377736023,metal,zinc
1226488655,way,paris,48.87201999985248,2.376399521738485,metal,zinc
13339853,way,paris,48.74729756027345,2.420018719215736,metal,zinc
63639242,way,paris,48.87118001000672,2.376378693292979,metal,zinc
78149061,way,paris,48.84699604656944,2.3709311904820005,metal,zinc
655474592,way,strasbourg,48.59713191396689,7.721925990895652,metal,zinc
43178401,way,strasbourg,48.60440455,7.75429785,metal,zinc
43178408,way,strasbourg,48.604347822643255,7.754414545033748,metal,zinc
655474589,way,strasbourg,48.5971036687252,7.721988065841517,metal,zinc
522943841,way,strasbourg,48.60768467734878,7.745259867670937,metal,zinc
655993010,way,strasbourg,48.59760417035337,7.722005304698412,metal,zinc
40814392,way,strasbourg,48.584323301512335,7.7626027521192595,metal,zinc
42435121,way,strasbourg,48.60507799048246,7.743751513486964,metal,zinc
42309510,way,strasbourg,48.602838067880114,7.741010308411252,metal,zinc
38702721,way,strasbourg,48.59741089110656,7.722579771143849,metal,zinc
41788334,way,strasbourg,48.608843819169614,7.730842258625287,metal,zinc
49369919,way,strasbourg,48.59196336018985,7.724957146167457,metal,zinc
397308405,way,strasbourg,48.611960591201616,7.736703372085114,metal,zinc
42861789,way,strasbourg,48.61147988581525,7.7420122256932435,metal,zinc
42827592,way,strasbourg,48.61266378655567,7.743250974243605,metal,zinc
42435122,way,strasbourg,48.6050668497321,7.743871405716042,metal,zinc
655993011,way,strasbourg,48.597479959140685,7.722142504983425,metal,zinc
42689509,way,strasbourg,48.607910623045655,7.747701637273841,metal,zinc
42309513,way,strasbourg,48.60294720711478,7.741030146867385,metal,zinc
42762219,way,strasbourg,48.612091585611616,7.7448379866145585,metal,zinc
364341255,way,strasbourg,48.61108370516491,7.748824164393616,metal,zinc
43955074,way,strasbourg,48.61404136298727,7.744601957452734,metal,zinc
19794129,way,strasbourg,48.58391871911067,7.765643119950903,metal,zinc
151759886,way,strasbourg,48.59414818980503,7.719307504111747,metal,zinc
1241724639,way,strasbourg,48.60567242056083,7.764696982744364,metal,zinc
41210932,way,strasbourg,48.58228867273385,7.775032864940895,metal,zinc
42435120,way,strasbourg,48.60516053843211,7.743701533620306,metal,zinc
397308411,way,strasbourg,48.611775048305866,7.736560547747832,metal,zinc
33455190,way,strasbourg,48.5971274,7.722625450000001,metal,zinc
20249170,way,strasbourg,48.56795582839398,7.767726919532457,metal,zinc
42990776,way,strasbourg,48.60581570095179,7.750425976525629,metal,zinc
38702705,way,strasbourg,48.59722699570823,7.72242524943453,metal,zinc
401566260,way,strasbourg,48.60466776576074,7.75188283413441,metal,zinc
43178400,way,strasbourg,48.60444671854309,7.754202508841236,metal,zinc
543367941,way,strasbourg,48.611224539163295,7.703536378350249,metal,zinc
42435119,way,strasbourg,48.60509926403808,7.74366376745122,metal,zinc
42990777,way,strasbourg,48.60471805357949,7.749994939495145,metal,zinc
42827594,way,strasbourg,48.61283213097251,7.743387260565432,metal,zinc
42879616,way,strasbourg,48.6090151234091,7.740479456856685,metal,zinc
42132898,way,strasbourg,48.6071877044157,7.736319777168819,metal,zinc
42689457,way,strasbourg,48.60789241111687,7.747816958917619,metal,zinc
49369920,way,strasbourg,48.5917733558711,7.724920746741033,metal,zinc
655993009,way,strasbourg,48.597385184566775,7.721900840561074,metal,zinc
74790337,way,toulouse,43.57924983699957,1.3298326189828724,metal,zinc
77005897,way,toulouse,43.57898654184422,1.4619195462615922,metal,zinc
1275944009,way,toulouse,43.58696982991466,1.493903402024472,metal,zinc
69552571,way,tours,47.38268998219384,0.6704798320933721,metal,zinc
407509355,way,tours,47.28614576499752,0.7944032859785046,metal,zinc
69550511,way,tours,47.3836725470412,0.6710703785018727,metal,zinc
622453517,way,tours,47.38800060276895,0.6790937592485208,metal,zinc
69552738,way,tours,47.38381914257929,0.6710584775448423,metal,zinc
307277863,way,tours,47.2856240627866,0.7948752646504058,metal,zinc
69552997,way,tours,47.38229482674806,0.6702107013969423,metal,zinc
622453516,way,tours,47.38809188220971,0.6788559961795377,metal,zinc
69137249,way,marseille,43.29419671509262,5.385437143492646,cement_block,beton
69137936,way,marseille,43.29428086069071,5.385214149160882,cement_block,beton
87600058,way,nice,43.67340892038155,7.212482510428605,concrete,beton
138319217,way,nice,43.7205201,7.302289999999999,concrete,beton
138319393,way,nice,43.72021175,7.302739000000001,concrete,beton
138319547,way,nice,43.72082304572469,7.303559238933367,concrete,beton
138321777,way,nice,43.72364028523085,7.300163481723497,concrete,beton
140818669,way,nice,43.693522419236594,7.251616220249496,concrete,beton
143246592,way,nice,43.726029697273646,7.301784962377151,concrete,beton
143251770,way,nice,43.72562659960479,7.300207203700157,concrete,beton
143716594,way,nice,43.67363624820192,7.211825854605852,concrete,beton
143716664,way,nice,43.6736432923486,7.214047849216366,concrete,beton
143716774,way,nice,43.673708007545805,7.2101923681328515,concrete,beton
143717333,way,nice,43.673653178799945,7.21278972558341,concrete,beton
143717662,way,nice,43.67367483642631,7.2107323832910595,concrete,beton
143789623,way,nice,43.67400159849856,7.212180793452468,concrete,beton
143789651,way,nice,43.67394210242042,7.209835533771783,concrete,beton
143789679,way,nice,43.67509061676181,7.21118548653663,concrete,beton
143789738,way,nice,43.675314437219285,7.210648632282741,concrete,beton
143789768,way,nice,43.675815364579854,7.21112163495174,concrete,beton
143789769,way,nice,43.67428947706194,7.214265208701904,concrete,beton
143789940,way,nice,43.67416037214064,7.211653490919728,concrete,beton
143790254,way,nice,43.67427511423198,7.21113863192348,concrete,beton
143790326,way,nice,43.67409593312641,7.213308656456149,concrete,beton
159811584,way,marseille,43.36307025450313,5.353626976720927,concrete,beton
159894866,way,marseille,43.36509069228321,5.350536376670773,concrete,beton
447555704,way,nice,43.72312555679213,7.301925366292574,concrete,beton
539885238,way,nice,43.72637426655447,7.29941023320498,concrete,beton
539885239,way,nice,43.72627333384554,7.299750267122281,concrete,beton
540248926,way,nice,43.72237195,7.302482550000001,concrete,beton
786585334,way,marseille,43.31893762055394,5.376717797594972,concrete,beton
903130522,way,marseille,43.315947008731285,5.369216060826987,concrete,beton
971377198,way,marseille,43.36340116044728,5.346111012548329,concrete,beton
1177864998,way,marseille,43.364066396587184,5.349340817438131,concrete,beton
154398154,way,bordeaux,44.85602263562784,-0.5911401824746929,concrete,beton
159414968,way,bordeaux,44.807426396484765,-0.551107906438509,cement_block,beton
161738672,way,bordeaux,44.82424309506399,-0.5881922866783327,concrete,beton
164306252,way,bordeaux,44.82134333260177,-0.6731891652432209,concrete,beton
164307924,way,bordeaux,44.83187142980214,-0.6571544396238631,concrete,beton
260301978,way,bordeaux,44.82979296065008,-0.6569197684519127,concrete,beton
260301980,way,bordeaux,44.8298544695741,-0.6552112231024203,concrete,beton
527319410,way,bordeaux,44.824109580084254,-0.5550940953015836,concrete,beton
804927648,way,bordeaux,44.85525482801733,-0.5500184765505295,concrete,beton
804927649,way,bordeaux,44.85498749669494,-0.5502362711770471,concrete,beton
1119051675,way,bordeaux,44.822941368541606,-0.5213926095211192,concrete,beton
1119051676,way,bordeaux,44.82207019999999,-0.52073135,concrete,beton
1144296292,way,bordeaux,44.83213085135251,-0.6536631323325295,concrete,beton
1144846861,way,bordeaux,44.824982215707024,-0.5499270520461623,concrete,beton
1187591046,way,bordeaux,44.8661901717763,-0.5766875428262096,concrete,beton
1330841203,way,bordeaux,44.82154204021239,-0.5932098729138426,concrete,beton
1337475043,way,bordeaux,44.83188354210857,-0.659761360924185,concrete,beton
11564595,way,bordeaux,44.82130024334666,-0.5446188424620887,concrete,beton
27486481,way,rennes,48.12200058572414,-1.7032061191092407,concrete,beton
27486482,way,rennes,48.12109125479052,-1.7114962268905378,concrete,beton
27590679,way,rennes,48.122579529412114,-1.7031907664659032,concrete,beton
32809711,way,rennes,48.12420211348121,-1.708326966789914,concrete,beton
44014321,way,rennes,48.11527331144719,-1.6779051526481368,concrete,beton
80263298,way,rennes,48.12521559885822,-1.7098828087997542,concrete,beton
80263408,way,rennes,48.12564431434986,-1.710185014050797,concrete,beton
80263451,way,rennes,48.12572645581661,-1.7099759070105054,concrete,beton
80263488,way,rennes,48.12585113869002,-1.7102481142013926,concrete,beton
80263531,way,rennes,48.12573748384281,-1.710259149165633,concrete,beton
80263602,way,rennes,48.12579807680347,-1.710244452446904,concrete,beton
80263651,way,rennes,48.12590528101549,-1.7101118488178153,concrete,beton
80263690,way,rennes,48.1258684033206,-1.7101707577462166,concrete,beton
80263718,way,rennes,48.125816372260495,-1.7099576223116342,concrete,beton
80263741,way,rennes,48.12587550367751,-1.7100428797519789,concrete,beton
80263785,way,rennes,48.12536350005979,-1.7096882916890883,concrete,beton
80301502,way,rennes,48.11089764999999,-1.7200712500000042,concrete,beton
80301622,way,rennes,48.10276160300882,-1.734913326842749,concrete,beton
80301753,way,rennes,48.10282707032622,-1.7346359945255618,concrete,beton
80305966,way,rennes,48.12246148013247,-1.7122568299989718,concrete,beton
80305997,way,rennes,48.11999955000001,-1.7091062999999995,concrete,beton
80305999,way,rennes,48.1229028247152,-1.710141882484898,concrete,beton
80306007,way,rennes,48.123411563562456,-1.7094302209070071,concrete,beton
80306010,way,rennes,48.12209132789764,-1.7140504133920795,concrete,beton
80306013,way,rennes,48.12155897206127,-1.7099610127514622,concrete,beton
80306050,way,rennes,48.12270148936801,-1.7095475128463489,concrete,beton
80306062,way,rennes,48.12175335555262,-1.7099840735563,concrete,beton
80306097,way,rennes,48.122678444065535,-1.711009979355297,concrete,beton
80306111,way,rennes,48.1216040445104,-1.7125815835237304,concrete,beton
80306140,way,rennes,48.11983776413885,-1.709665075000145,concrete,beton
80306154,way,rennes,48.12227475088159,-1.7113655501310452,concrete,beton
80306178,way,rennes,48.12400174985919,-1.7135848285632531,concrete,beton
80306191,way,rennes,48.119591160061226,-1.708587235520661,concrete,beton
80306242,way,rennes,48.12156661046791,-1.709573670189121,concrete,beton
80306249,way,rennes,48.12266293368706,-1.7131577547817798,concrete,beton
80306273,way,rennes,48.12244030946073,-1.7091801050763598,concrete,beton
80306275,way,rennes,48.1217439494493,-1.7091531119147034,concrete,beton
80306282,way,rennes,48.122849125151966,-1.7118364605255825,concrete,beton
80306290,way,rennes,48.122281226955415,-1.7097065857919005,concrete,beton
80306293,way,rennes,48.11847802723629,-1.7084822154235813,concrete,beton
80393205,way,rennes,48.11418831663782,-1.7003137494495917,concrete,beton
80393222,way,rennes,48.11529676782888,-1.7054857482098138,concrete,beton
80393225,way,rennes,48.115264340332246,-1.7089919846565806,concrete,beton
80393253,way,rennes,48.11534231945298,-1.7060632571194427,concrete,beton
80393255,way,rennes,48.11579836453823,-1.7067009285445771,concrete,beton
80393270,way,rennes,48.11470879346477,-1.7090811940451929,concrete,beton
80393303,way,rennes,48.11540502134583,-1.705678383285215,concrete,beton
80393308,way,rennes,48.1143369730388,-1.7019272526433638,concrete,beton
80393337,way,rennes,48.115208432197456,-1.7099409658448417,concrete,beton
80393355,way,rennes,48.1156358596937,-1.7059321744745786,concrete,beton
80393371,way,rennes,48.11470770927672,-1.704593004968926,concrete,beton
80393396,way,rennes,48.11579895909156,-1.7076845238868377,concrete,beton
80393402,way,rennes,48.11464238232756,-1.7063283784666126,concrete,beton
80393437,way,rennes,48.11472331495729,-1.7052336402414143,concrete,beton
80393509,way,rennes,48.11418996659626,-1.7013203835964794,concrete,beton
80393543,way,rennes,48.11543614026148,-1.7066332838987155,concrete,beton
80393574,way,rennes,48.11533061048454,-1.7057368271544515,concrete,beton
80393583,way,rennes,48.114707399498045,-1.7036200118595055,concrete,beton
80393595,way,rennes,48.11462887531098,-1.7044065934337935,concrete,beton
80393601,way,rennes,48.11592550085118,-1.7102770586980522,cement_block,beton
80393607,way,rennes,48.115301429466285,-1.7043264858159262,concrete,beton
80393631,way,rennes,48.11495087000433,-1.7043061073093522,concrete,beton
80393639,way,rennes,48.115644737837655,-1.7072152928786135,concrete,beton
80393649,way,rennes,48.11465201459257,-1.7043025763210151,concrete,beton
80393661,way,rennes,48.1152221192918,-1.7037815269136984,concrete,beton
80393669,way,rennes,48.11451322618881,-1.704779076896921,concrete,beton
80669125,way,rennes,48.123556600933895,-1.6373038079848004,concrete,beton
80669144,way,rennes,48.12363608133507,-1.637120750461562,concrete,beton
80710699,way,rennes,48.097739542671086,-1.6458933250890364,concrete,beton
80710731,way,rennes,48.09646170519123,-1.6451935716754598,concrete,beton
80711155,way,rennes,48.09782831250392,-1.6462578114560509,concrete,beton
80711317,way,rennes,48.09785854383312,-1.646163837958711,concrete,beton
80711438,way,rennes,48.09783203832699,-1.6463138285142047,concrete,beton
80711856,way,rennes,48.09654261332538,-1.6451570927679426,concrete,beton
80711996,way,rennes,48.09779314574023,-1.646045098783698,concrete,beton
80712186,way,rennes,48.09783219546961,-1.6460481956584607,concrete,beton
80712236,way,rennes,48.09780353899086,-1.6459397473562556,concrete,beton
80712269,way,rennes,48.09646541938231,-1.6452651577792583,concrete,beton
80733936,way,rennes,48.09080562529574,-1.656936677994461,concrete,beton
80734718,way,rennes,48.08791494650268,-1.6477438253893055,concrete,beton
80741280,way,rennes,48.087572839382375,-1.674053158947601,concrete,beton
80741999,way,rennes,48.08689085363245,-1.6681244581059396,concrete,beton
80782013,way,rennes,48.0931312278305,-1.6734471054305535,concrete,beton
80882739,way,rennes,48.12480386396584,-1.6561754729721812,concrete,beton
80882857,way,rennes,48.124943252950416,-1.6560089803645766,concrete,beton
80883036,way,rennes,48.126716778480045,-1.6560389504420965,concrete,beton
80883047,way,rennes,48.12637203136414,-1.6562249507020337,concrete,beton
80883508,way,rennes,48.1265511366213,-1.6550904388743473,concrete,beton
80883953,way,rennes,48.124871826838216,-1.6558063499413316,concrete,beton
80884170,way,rennes,48.12487309903871,-1.6563665109704706,concrete,beton
80889641,way,rennes,48.11813709109428,-1.6875780025924687,concrete,beton
80989317,way,rennes,48.10977627192426,-1.662892584965432,cement_block,beton
81216374,way,rennes,48.11989940384336,-1.7040173867673676,concrete,beton
81216381,way,rennes,48.11885976340904,-1.6939541052985645,concrete,beton
81216383,way,rennes,48.12105830170036,-1.7072832184938125,concrete,beton
81216406,way,rennes,48.11957722429523,-1.706302770123892,concrete,beton
81216437,way,rennes,48.121773120171504,-1.703696834637784,concrete,beton
81216447,way,rennes,48.11891634853926,-1.7058216199058036,concrete,beton
81216449,way,rennes,48.11952138739351,-1.7076135744090648,concrete,beton
81216456,way,rennes,48.12069205506713,-1.6998399716217871,concrete,beton
81216459,way,rennes,48.12226324924482,-1.7008180010957907,concrete,beton
81216471,way,rennes,48.12155894224905,-1.6933962402942682,concrete,beton
81216478,way,rennes,48.11956258931893,-1.697283047403209,concrete,beton
81216483,way,rennes,48.1186534760436,-1.6972807189097232,concrete,beton
81216491,way,rennes,48.11837503288616,-1.6938456609465251,concrete,beton
81216498,way,rennes,48.12005986067344,-1.7054472819026876,concrete,beton
81216503,way,rennes,48.11966295106871,-1.7049678299202362,concrete,beton
81216505,way,rennes,48.11942293588108,-1.6975565278682967,concrete,beton
81216515,way,rennes,48.12181538523327,-1.7026574375626726,concrete,beton
81216516,way,rennes,48.12006956990538,-1.706435631548946,concrete,beton
81216534,way,rennes,48.12365262903631,-1.7039784085993546,concrete,beton
81216538,way,rennes,48.11720234731351,-1.705135106056637,concrete,beton
81216557,way,rennes,48.12078148152023,-1.7061058357814387,concrete,beton
81216561,way,rennes,48.1211718320521,-1.69338566182798,concrete,beton
81216562,way,rennes,48.12198149921274,-1.7081444004881938,concrete,beton
81216564,way,rennes,48.12312786076063,-1.7069252154263514,concrete,beton
81216573,way,rennes,48.12045911210492,-1.7056057666863675,concrete,beton
81216578,way,rennes,48.12154527530516,-1.707251464986383,concrete,beton
81216581,way,rennes,48.12185678698652,-1.6975157751149534,concrete,beton
81216596,way,rennes,48.118321884884914,-1.6936232590053162,concrete,beton
81216604,way,rennes,48.11908264572102,-1.7051657805089515,concrete,beton
81216605,way,rennes,48.119599975480334,-1.706876994953673,concrete,beton
81216614,way,rennes,48.122187327751625,-1.705618222925065,concrete,beton
81216634,way,rennes,48.12201408113638,-1.7020963780165144,concrete,beton
81216639,way,rennes,48.12175440346403,-1.7013206483272,concrete,beton
81216650,way,rennes,48.1224481964381,-1.708548095089521,concrete,beton
81216655,way,rennes,48.122768522641344,-1.7043205608585053,concrete,beton
81216659,way,rennes,48.11920648881354,-1.6979314440150175,concrete,beton
81216681,way,rennes,48.12221014205525,-1.6999765045468946,concrete,beton
81216686,way,rennes,48.12070782376221,-1.7049372443090796,concrete,beton
81216696,way,rennes,48.12143196910531,-1.6993240547829374,concrete,beton
81216699,way,rennes,48.11925204397804,-1.7060122145561156,concrete,beton
81216711,way,rennes,48.12092149486468,-1.6960297743270054,concrete,beton
81216714,way,rennes,48.11973482199629,-1.7058108502281837,concrete,beton
81216740,way,rennes,48.11992394977243,-1.6956201996040146,concrete,beton
81216744,way,rennes,48.12019758526249,-1.6973440904666903,concrete,beton
81216745,way,rennes,48.12380443472573,-1.7046565400670706,concrete,beton
81216763,way,rennes,48.11989320208814,-1.702567157273616,concrete,beton
81216774,way,rennes,48.11635264535565,-1.7055292833283957,concrete,beton
81216780,way,rennes,48.11941167494421,-1.7055201999543852,concrete,beton
81216781,way,rennes,48.11561929504619,-1.7017200508546688,cement_block,beton
81216788,way,rennes,48.12065131896814,-1.7081959692406643,concrete,beton
97393641,way,rennes,48.11602084648336,-1.7087266569170918,concrete,beton
102161987,way,rennes,48.11478350996605,-1.709264879038033,concrete,beton
110277476,way,rennes,48.11757383461326,-1.696715489675819,concrete,beton
110277479,way,rennes,48.11762243246164,-1.6976701909707732,concrete,beton
110277482,way,rennes,48.11727605613604,-1.695999272588367,concrete,beton
112719885,way,rennes,48.114881389649085,-1.7087612707227249,concrete,beton
149493932,way,rennes,48.121606040581305,-1.7114077317487728,concrete,beton
149494007,way,rennes,48.1211145,-1.7103499999999998,concrete,beton
149494092,way,rennes,48.1212243954967,-1.7090511360470693,concrete,beton
249738036,way,rennes,48.103205812861496,-1.6724523309125705,concrete,beton
291640573,way,rennes,48.11623089613244,-1.7088745626721038,concrete,beton
291640574,way,rennes,48.11612545424477,-1.7085502376234118,concrete,beton
328529511,way,rennes,48.11767513948175,-1.6962264718800084,concrete,beton
328529518,way,rennes,48.11786611050335,-1.696169103338173,concrete,beton
329964946,way,rennes,48.12284424503262,-1.7055951949581898,concrete,beton
331094132,way,rennes,48.11878653871864,-1.7034495366224631,concrete,beton
378933432,way,rennes,48.09746262487205,-1.6753458597358508,concrete,beton
378933436,way,rennes,48.09761942288115,-1.6754502319012805,concrete,beton
378933446,way,rennes,48.09744067799418,-1.6755473394418443,concrete,beton
400856427,way,rennes,48.12066317164165,-1.703324307923998,concrete,beton
429902733,way,rennes,48.10971226516709,-1.65508680161773,concrete,beton
474584675,way,rennes,48.118125937814725,-1.69504202565149,concrete,beton
503869095,way,rennes,48.12160594917837,-1.704256414097751,concrete,beton
674059656,way,rennes,48.12190666507056,-1.7110712309311502,concrete,beton
691276133,way,rennes,48.11521760478532,-1.7049730028620886,concrete,beton
697324306,way,rennes,48.12128370796801,-1.709547657725375,concrete,beton
701974923,way,rennes,48.1058914482424,-1.6802818676050084,concrete,beton
701974924,way,rennes,48.10580960261848,-1.6791272791259222,concrete,beton
714034757,way,rennes,48.12224355489816,-1.7001277030031643,concrete,beton
1046877964,way,rennes,48.12043625795716,-1.6939374729591348,concrete,beton
1259783897,way,rennes,48.12707146622859,-1.656354368072644,concrete,beton
1259783898,way,rennes,48.12680678165443,-1.6572017010725055,concrete,beton
1313728847,way,rennes,48.12641850957095,-1.6572479045023116,concrete,beton
1313728848,way,rennes,48.12675878417345,-1.6567313060037028,concrete,beton
1223213,way,rennes,48.1207643652952,-1.7015775196234129,concrete,beton
10721954,way,rennes,48.09253173429301,-1.6729419329838144,concrete,beton
13989364,way,rennes,48.12215657091102,-1.6952728777278887,concrete,beton
125711795,way,dijon,47.3291130905676,5.074746149748276,concrete,beton
126265976,way,dijon,47.30046005152481,5.02548339491878,concrete,beton
155674637,way,caen,49.17972952697978,-0.3558850979264133,concrete,beton
1271477852,way,rouen,49.46777558323933,1.0680362945739774,concrete,beton
